county,month,covid_deaths,population,rate_per_100k
Adams,2020-03-01,0,106748,0.0
Adams,2020-04-01,0,106748,0.0
Adams,2020-05-01,0,106748,0.0
Adams,2020-06-01,0,106748,0.0
Adams,2020-07-01,0,106748,0.0
Adams,2020-08-01,0,106748,0.0
Adams,2020-09-01,0,106748,0.0
Adams,2020-10-01,0,106748,0.0
Adams,2020-11-01,0,106748,0.0
Adams,2020-12-01,0,106748,0.0
Adams,2021-01-01,0,106748,0.0
Adams,2021-02-01,0,106748,0.0
Adams,2021-03-01,0,106748,0.0
Adams,2021-04-01,0,106748,0.0
Adams,2021-05-01,0,106748,0.0
Adams,2021-06-01,3,106748,2.81
Adams,2021-07-01,1,106748,0.94
Adams,2021-08-01,2,106748,1.87
Adams,2021-09-01,14,106748,13.11
Adams,2021-10-01,28,106748,26.23
Adams,2021-11-01,17,106748,15.93
Adams,2021-12-01,44,106748,41.22
Adams,2022-01-01,45,106748,42.16
Adams,2022-02-01,19,106748,17.8
Adams,2022-03-01,3,106748,2.81
Adams,2022-04-01,2,106748,1.87
Adams,2022-05-01,7,106748,6.56
Adams,2022-06-01,9,106748,8.43
Adams,2022-07-01,5,106748,4.68
Adams,2022-08-01,6,106748,5.62
Adams,2022-09-01,5,106748,4.68
Adams,2022-10-01,4,106748,3.75
Adams,2022-11-01,3,106748,2.81
Adams,2022-12-01,7,106748,6.56
Adams,2023-01-01,8,106748,7.49
Adams,2023-02-01,6,106748,5.62
Adams,2023-03-01,5,106748,4.68
Adams,2023-04-01,5,106748,4.68
Adams,2023-05-01,1,106748,0.94
Adams,2023-06-01,0,106748,0.0
Adams,2023-07-01,1,106748,0.94
Adams,2023-08-01,0,106748,0.0
Adams,2023-09-01,2,106748,1.87
Adams,2023-10-01,2,106748,1.87
Adams,2023-11-01,5,106748,4.68
Adams,2023-12-01,4,106748,3.75
Adams,2024-01-01,2,106748,1.87
Adams,2024-02-01,4,106748,3.75
Adams,2024-03-01,3,106748,2.81
Allegheny,2020-03-01,0,1224825,0.0
Allegheny,2020-04-01,0,1224825,0.0
Allegheny,2020-05-01,0,1224825,0.0
Allegheny,2020-06-01,0,1224825,0.0
Allegheny,2020-07-01,0,1224825,0.0
Allegheny,2020-08-01,0,1224825,0.0
Allegheny,2020-09-01,0,1224825,0.0
Allegheny,2020-10-01,0,1224825,0.0
Allegheny,2020-11-01,0,1224825,0.0
Allegheny,2020-12-01,0,1224825,0.0
Allegheny,2021-01-01,0,1224825,0.0
Allegheny,2021-02-01,0,1224825,0.0
Allegheny,2021-03-01,0,1224825,0.0
Allegheny,2021-04-01,0,1224825,0.0
Allegheny,2021-05-01,0,1224825,0.0
Allegheny,2021-06-01,21,1224825,1.71
Allegheny,2021-07-01,10,1224825,0.82
Allegheny,2021-08-01,60,1224825,4.9
Allegheny,2021-09-01,109,1224825,8.9
Allegheny,2021-10-01,197,1224825,16.08
Allegheny,2021-11-01,158,1224825,12.9
Allegheny,2021-12-01,242,1224825,19.76
Allegheny,2022-01-01,322,1224825,26.29
Allegheny,2022-02-01,147,1224825,12.0
Allegheny,2022-03-01,48,1224825,3.92
Allegheny,2022-04-01,18,1224825,1.47
Allegheny,2022-05-01,34,1224825,2.78
Allegheny,2022-06-01,54,1224825,4.41
Allegheny,2022-07-01,29,1224825,2.37
Allegheny,2022-08-01,61,1224825,4.98
Allegheny,2022-09-01,47,1224825,3.84
Allegheny,2022-10-01,64,1224825,5.23
Allegheny,2022-11-01,45,1224825,3.67
Allegheny,2022-12-01,61,1224825,4.98
Allegheny,2023-01-01,58,1224825,4.74
Allegheny,2023-02-01,53,1224825,4.33
Allegheny,2023-03-01,29,1224825,2.37
Allegheny,2023-04-01,29,1224825,2.37
Allegheny,2023-05-01,18,1224825,1.47
Allegheny,2023-06-01,7,1224825,0.57
Allegheny,2023-07-01,9,1224825,0.73
Allegheny,2023-08-01,18,1224825,1.47
Allegheny,2023-09-01,26,1224825,2.12
Allegheny,2023-10-01,32,1224825,2.61
Allegheny,2023-11-01,39,1224825,3.18
Allegheny,2023-12-01,41,1224825,3.35
Allegheny,2024-01-01,46,1224825,3.76
Allegheny,2024-02-01,29,1224825,2.37
Allegheny,2024-03-01,18,1224825,1.47
Armstrong,2020-03-01,0,64074,0.0
Armstrong,2020-04-01,0,64074,0.0
Armstrong,2020-05-01,0,64074,0.0
Armstrong,2020-06-01,0,64074,0.0
Armstrong,2020-07-01,0,64074,0.0
Armstrong,2020-08-01,0,64074,0.0
Armstrong,2020-09-01,0,64074,0.0
Armstrong,2020-10-01,0,64074,0.0
Armstrong,2020-11-01,0,64074,0.0
Armstrong,2020-12-01,0,64074,0.0
Armstrong,2021-01-01,0,64074,0.0
Armstrong,2021-02-01,0,64074,0.0
Armstrong,2021-03-01,0,64074,0.0
Armstrong,2021-04-01,0,64074,0.0
Armstrong,2021-05-01,0,64074,0.0
Armstrong,2021-06-01,0,64074,0.0
Armstrong,2021-07-01,0,64074,0.0
Armstrong,2021-08-01,4,64074,6.24
Armstrong,2021-09-01,25,64074,39.02
Armstrong,2021-10-01,27,64074,42.14
Armstrong,2021-11-01,37,64074,57.75
Armstrong,2021-12-01,41,64074,63.99
Armstrong,2022-01-01,31,64074,48.38
Armstrong,2022-02-01,21,64074,32.77
Armstrong,2022-03-01,6,64074,9.36
Armstrong,2022-04-01,3,64074,4.68
Armstrong,2022-05-01,5,64074,7.8
Armstrong,2022-06-01,3,64074,4.68
Armstrong,2022-07-01,6,64074,9.36
Armstrong,2022-08-01,6,64074,9.36
Armstrong,2022-09-01,9,64074,14.05
Armstrong,2022-10-01,3,64074,4.68
Armstrong,2022-11-01,2,64074,3.12
Armstrong,2022-12-01,3,64074,4.68
Armstrong,2023-01-01,4,64074,6.24
Armstrong,2023-02-01,2,64074,3.12
Armstrong,2023-03-01,3,64074,4.68
Armstrong,2023-04-01,2,64074,3.12
Armstrong,2023-05-01,3,64074,4.68
Armstrong,2023-06-01,0,64074,0.0
Armstrong,2023-07-01,2,64074,3.12
Armstrong,2023-08-01,0,64074,0.0
Armstrong,2023-09-01,2,64074,3.12
Armstrong,2023-10-01,3,64074,4.68
Armstrong,2023-11-01,2,64074,3.12
Armstrong,2023-12-01,11,64074,17.17
Armstrong,2024-01-01,5,64074,7.8
Armstrong,2024-02-01,0,64074,0.0
Armstrong,2024-03-01,0,64074,0.0
Beaver,2020-03-01,0,165631,0.0
Beaver,2020-04-01,0,165631,0.0
Beaver,2020-05-01,0,165631,0.0
Beaver,2020-06-01,0,165631,0.0
Beaver,2020-07-01,0,165631,0.0
Beaver,2020-08-01,0,165631,0.0
Beaver,2020-09-01,0,165631,0.0
Beaver,2020-10-01,0,165631,0.0
Beaver,2020-11-01,0,165631,0.0
Beaver,2020-12-01,0,165631,0.0
Beaver,2021-01-01,0,165631,0.0
Beaver,2021-02-01,0,165631,0.0
Beaver,2021-03-01,0,165631,0.0
Beaver,2021-04-01,0,165631,0.0
Beaver,2021-05-01,0,165631,0.0
Beaver,2021-06-01,4,165631,2.42
Beaver,2021-07-01,4,165631,2.42
Beaver,2021-08-01,17,165631,10.26
Beaver,2021-09-01,29,165631,17.51
Beaver,2021-10-01,46,165631,27.77
Beaver,2021-11-01,60,165631,36.23
Beaver,2021-12-01,76,165631,45.89
Beaver,2022-01-01,67,165631,40.45
Beaver,2022-02-01,29,165631,17.51
Beaver,2022-03-01,18,165631,10.87
Beaver,2022-04-01,10,165631,6.04
Beaver,2022-05-01,8,165631,4.83
Beaver,2022-06-01,8,165631,4.83
Beaver,2022-07-01,1,165631,0.6
Beaver,2022-08-01,14,165631,8.45
Beaver,2022-09-01,3,165631,1.81
Beaver,2022-10-01,6,165631,3.62
Beaver,2022-11-01,17,165631,10.26
Beaver,2022-12-01,17,165631,10.26
Beaver,2023-01-01,16,165631,9.66
Beaver,2023-02-01,9,165631,5.43
Beaver,2023-03-01,12,165631,7.25
Beaver,2023-04-01,4,165631,2.42
Beaver,2023-05-01,4,165631,2.42
Beaver,2023-06-01,1,165631,0.6
Beaver,2023-07-01,1,165631,0.6
Beaver,2023-08-01,6,165631,3.62
Beaver,2023-09-01,3,165631,1.81
Beaver,2023-10-01,7,165631,4.23
Beaver,2023-11-01,4,165631,2.42
Beaver,2023-12-01,7,165631,4.23
Beaver,2024-01-01,4,165631,2.42
Beaver,2024-02-01,5,165631,3.02
Beaver,2024-03-01,0,165631,0.0
Bedford,2020-03-01,0,47350,0.0
Bedford,2020-04-01,0,47350,0.0
Bedford,2020-05-01,0,47350,0.0
Bedford,2020-06-01,0,47350,0.0
Bedford,2020-07-01,0,47350,0.0
Bedford,2020-08-01,0,47350,0.0
Bedford,2020-09-01,0,47350,0.0
Bedford,2020-10-01,0,47350,0.0
Bedford,2020-11-01,0,47350,0.0
Bedford,2020-12-01,0,47350,0.0
Bedford,2021-01-01,0,47350,0.0
Bedford,2021-02-01,0,47350,0.0
Bedford,2021-03-01,0,47350,0.0
Bedford,2021-04-01,0,47350,0.0
Bedford,2021-05-01,0,47350,0.0
Bedford,2021-06-01,3,47350,6.34
Bedford,2021-07-01,0,47350,0.0
Bedford,2021-08-01,3,47350,6.34
Bedford,2021-09-01,11,47350,23.23
Bedford,2021-10-01,26,47350,54.91
Bedford,2021-11-01,24,47350,50.69
Bedford,2021-12-01,31,47350,65.47
Bedford,2022-01-01,20,47350,42.24
Bedford,2022-02-01,16,47350,33.79
Bedford,2022-03-01,4,47350,8.45
Bedford,2022-04-01,0,47350,0.0
Bedford,2022-05-01,1,47350,2.11
Bedford,2022-06-01,3,47350,6.34
Bedford,2022-07-01,0,47350,0.0
Bedford,2022-08-01,1,47350,2.11
Bedford,2022-09-01,1,47350,2.11
Bedford,2022-10-01,0,47350,0.0
Bedford,2022-11-01,1,47350,2.11
Bedford,2022-12-01,1,47350,2.11
Bedford,2023-01-01,3,47350,6.34
Bedford,2023-02-01,1,47350,2.11
Bedford,2023-03-01,2,47350,4.22
Bedford,2023-04-01,1,47350,2.11
Bedford,2023-05-01,0,47350,0.0
Bedford,2023-06-01,1,47350,2.11
Bedford,2023-07-01,0,47350,0.0
Bedford,2023-08-01,0,47350,0.0
Bedford,2023-09-01,4,47350,8.45
Bedford,2023-10-01,1,47350,2.11
Bedford,2023-11-01,0,47350,0.0
Bedford,2023-12-01,2,47350,4.22
Bedford,2024-01-01,0,47350,0.0
Bedford,2024-02-01,0,47350,0.0
Bedford,2024-03-01,0,47350,0.0
Berks,2020-03-01,0,432821,0.0
Berks,2020-04-01,0,432821,0.0
Berks,2020-05-01,0,432821,0.0
Berks,2020-06-01,0,432821,0.0
Berks,2020-07-01,0,432821,0.0
Berks,2020-08-01,0,432821,0.0
Berks,2020-09-01,0,432821,0.0
Berks,2020-10-01,0,432821,0.0
Berks,2020-11-01,0,432821,0.0
Berks,2020-12-01,0,432821,0.0
Berks,2021-01-01,0,432821,0.0
Berks,2021-02-01,0,432821,0.0
Berks,2021-03-01,0,432821,0.0
Berks,2021-04-01,0,432821,0.0
Berks,2021-05-01,0,432821,0.0
Berks,2021-06-01,7,432821,1.62
Berks,2021-07-01,2,432821,0.46
Berks,2021-08-01,10,432821,2.31
Berks,2021-09-01,40,432821,9.24
Berks,2021-10-01,65,432821,15.02
Berks,2021-11-01,60,432821,13.86
Berks,2021-12-01,135,432821,31.19
Berks,2022-01-01,165,432821,38.12
Berks,2022-02-01,54,432821,12.48
Berks,2022-03-01,16,432821,3.7
Berks,2022-04-01,2,432821,0.46
Berks,2022-05-01,15,432821,3.47
Berks,2022-06-01,15,432821,3.47
Berks,2022-07-01,16,432821,3.7
Berks,2022-08-01,12,432821,2.77
Berks,2022-09-01,16,432821,3.7
Berks,2022-10-01,24,432821,5.55
Berks,2022-11-01,18,432821,4.16
Berks,2022-12-01,21,432821,4.85
Berks,2023-01-01,26,432821,6.01
Berks,2023-02-01,18,432821,4.16
Berks,2023-03-01,14,432821,3.23
Berks,2023-04-01,3,432821,0.69
Berks,2023-05-01,5,432821,1.16
Berks,2023-06-01,2,432821,0.46
Berks,2023-07-01,2,432821,0.46
Berks,2023-08-01,6,432821,1.39
Berks,2023-09-01,10,432821,2.31
Berks,2023-10-01,11,432821,2.54
Berks,2023-11-01,6,432821,1.39
Berks,2023-12-01,7,432821,1.62
Berks,2024-01-01,24,432821,5.55
Berks,2024-02-01,7,432821,1.62
Berks,2024-03-01,4,432821,0.92
Blair,2020-03-01,0,120273,0.0
Blair,2020-04-01,0,120273,0.0
Blair,2020-05-01,0,120273,0.0
Blair,2020-06-01,0,120273,0.0
Blair,2020-07-01,0,120273,0.0
Blair,2020-08-01,0,120273,0.0
Blair,2020-09-01,0,120273,0.0
Blair,2020-10-01,0,120273,0.0
Blair,2020-11-01,0,120273,0.0
Blair,2020-12-01,0,120273,0.0
Blair,2021-01-01,0,120273,0.0
Blair,2021-02-01,0,120273,0.0
Blair,2021-03-01,0,120273,0.0
Blair,2021-04-01,0,120273,0.0
Blair,2021-05-01,0,120273,0.0
Blair,2021-06-01,3,120273,2.49
Blair,2021-07-01,1,120273,0.83
Blair,2021-08-01,2,120273,1.66
Blair,2021-09-01,12,120273,9.98
Blair,2021-10-01,44,120273,36.58
Blair,2021-11-01,55,120273,45.73
Blair,2021-12-01,74,120273,61.53
Blair,2022-01-01,54,120273,44.9
Blair,2022-02-01,18,120273,14.97
Blair,2022-03-01,8,120273,6.65
Blair,2022-04-01,7,120273,5.82
Blair,2022-05-01,5,120273,4.16
Blair,2022-06-01,9,120273,7.48
Blair,2022-07-01,2,120273,1.66
Blair,2022-08-01,5,120273,4.16
Blair,2022-09-01,7,120273,5.82
Blair,2022-10-01,11,120273,9.15
Blair,2022-11-01,8,120273,6.65
Blair,2022-12-01,6,120273,4.99
Blair,2023-01-01,10,120273,8.31
Blair,2023-02-01,4,120273,3.33
Blair,2023-03-01,6,120273,4.99
Blair,2023-04-01,0,120273,0.0
Blair,2023-05-01,0,120273,0.0
Blair,2023-06-01,2,120273,1.66
Blair,2023-07-01,1,120273,0.83
Blair,2023-08-01,0,120273,0.0
Blair,2023-09-01,2,120273,1.66
Blair,2023-10-01,5,120273,4.16
Blair,2023-11-01,7,120273,5.82
Blair,2023-12-01,5,120273,4.16
Blair,2024-01-01,7,120273,5.82
Blair,2024-02-01,2,120273,1.66
Blair,2024-03-01,1,120273,0.83
Bradford,2020-03-01,0,59695,0.0
Bradford,2020-04-01,0,59695,0.0
Bradford,2020-05-01,0,59695,0.0
Bradford,2020-06-01,0,59695,0.0
Bradford,2020-07-01,0,59695,0.0
Bradford,2020-08-01,0,59695,0.0
Bradford,2020-09-01,0,59695,0.0
Bradford,2020-10-01,0,59695,0.0
Bradford,2020-11-01,0,59695,0.0
Bradford,2020-12-01,0,59695,0.0
Bradford,2021-01-01,0,59695,0.0
Bradford,2021-02-01,0,59695,0.0
Bradford,2021-03-01,0,59695,0.0
Bradford,2021-04-01,0,59695,0.0
Bradford,2021-05-01,0,59695,0.0
Bradford,2021-06-01,5,59695,8.38
Bradford,2021-07-01,1,59695,1.68
Bradford,2021-08-01,3,59695,5.03
Bradford,2021-09-01,9,59695,15.08
Bradford,2021-10-01,15,59695,25.13
Bradford,2021-11-01,16,59695,26.8
Bradford,2021-12-01,21,59695,35.18
Bradford,2022-01-01,28,59695,46.91
Bradford,2022-02-01,7,59695,11.73
Bradford,2022-03-01,6,59695,10.05
Bradford,2022-04-01,6,59695,10.05
Bradford,2022-05-01,4,59695,6.7
Bradford,2022-06-01,2,59695,3.35
Bradford,2022-07-01,0,59695,0.0
Bradford,2022-08-01,2,59695,3.35
Bradford,2022-09-01,3,59695,5.03
Bradford,2022-10-01,3,59695,5.03
Bradford,2022-11-01,3,59695,5.03
Bradford,2022-12-01,2,59695,3.35
Bradford,2023-01-01,2,59695,3.35
Bradford,2023-02-01,4,59695,6.7
Bradford,2023-03-01,1,59695,1.68
Bradford,2023-04-01,1,59695,1.68
Bradford,2023-05-01,1,59695,1.68
Bradford,2023-06-01,0,59695,0.0
Bradford,2023-07-01,1,59695,1.68
Bradford,2023-08-01,0,59695,0.0
Bradford,2023-09-01,2,59695,3.35
Bradford,2023-10-01,4,59695,6.7
Bradford,2023-11-01,0,59695,0.0
Bradford,2023-12-01,4,59695,6.7
Bradford,2024-01-01,1,59695,1.68
Bradford,2024-02-01,1,59695,1.68
Bradford,2024-03-01,2,59695,3.35
Bucks,2020-03-01,0,645984,0.0
Bucks,2020-04-01,0,645984,0.0
Bucks,2020-05-01,0,645984,0.0
Bucks,2020-06-01,0,645984,0.0
Bucks,2020-07-01,0,645984,0.0
Bucks,2020-08-01,0,645984,0.0
Bucks,2020-09-01,0,645984,0.0
Bucks,2020-10-01,0,645984,0.0
Bucks,2020-11-01,0,645984,0.0
Bucks,2020-12-01,0,645984,0.0
Bucks,2021-01-01,0,645984,0.0
Bucks,2021-02-01,0,645984,0.0
Bucks,2021-03-01,0,645984,0.0
Bucks,2021-04-01,0,645984,0.0
Bucks,2021-05-01,0,645984,0.0
Bucks,2021-06-01,14,645984,2.17
Bucks,2021-07-01,6,645984,0.93
Bucks,2021-08-01,16,645984,2.48
Bucks,2021-09-01,37,645984,5.73
Bucks,2021-10-01,46,645984,7.12
Bucks,2021-11-01,55,645984,8.51
Bucks,2021-12-01,85,645984,13.16
Bucks,2022-01-01,210,645984,32.51
Bucks,2022-02-01,73,645984,11.3
Bucks,2022-03-01,24,645984,3.72
Bucks,2022-04-01,16,645984,2.48
Bucks,2022-05-01,28,645984,4.33
Bucks,2022-06-01,19,645984,2.94
Bucks,2022-07-01,36,645984,5.57
Bucks,2022-08-01,22,645984,3.41
Bucks,2022-09-01,16,645984,2.48
Bucks,2022-10-01,31,645984,4.8
Bucks,2022-11-01,19,645984,2.94
Bucks,2022-12-01,28,645984,4.33
Bucks,2023-01-01,47,645984,7.28
Bucks,2023-02-01,21,645984,3.25
Bucks,2023-03-01,15,645984,2.32
Bucks,2023-04-01,3,645984,0.46
Bucks,2023-05-01,4,645984,0.62
Bucks,2023-06-01,12,645984,1.86
Bucks,2023-07-01,4,645984,0.62
Bucks,2023-08-01,5,645984,0.77
Bucks,2023-09-01,17,645984,2.63
Bucks,2023-10-01,12,645984,1.86
Bucks,2023-11-01,15,645984,2.32
Bucks,2023-12-01,11,645984,1.7
Bucks,2024-01-01,26,645984,4.02
Bucks,2024-02-01,21,645984,3.25
Bucks,2024-03-01,4,645984,0.62
Butler,2020-03-01,0,198413,0.0
Butler,2020-04-01,0,198413,0.0
Butler,2020-05-01,0,198413,0.0
Butler,2020-06-01,0,198413,0.0
Butler,2020-07-01,0,198413,0.0
Butler,2020-08-01,0,198413,0.0
Butler,2020-09-01,0,198413,0.0
Butler,2020-10-01,0,198413,0.0
Butler,2020-11-01,0,198413,0.0
Butler,2020-12-01,0,198413,0.0
Butler,2021-01-01,0,198413,0.0
Butler,2021-02-01,0,198413,0.0
Butler,2021-03-01,0,198413,0.0
Butler,2021-04-01,0,198413,0.0
Butler,2021-05-01,0,198413,0.0
Butler,2021-06-01,1,198413,0.5
Butler,2021-07-01,4,198413,2.02
Butler,2021-08-01,11,198413,5.54
Butler,2021-09-01,30,198413,15.12
Butler,2021-10-01,49,198413,24.7
Butler,2021-11-01,44,198413,22.18
Butler,2021-12-01,72,198413,36.29
Butler,2022-01-01,53,198413,26.71
Butler,2022-02-01,30,198413,15.12
Butler,2022-03-01,16,198413,8.06
Butler,2022-04-01,12,198413,6.05
Butler,2022-05-01,6,198413,3.02
Butler,2022-06-01,5,198413,2.52
Butler,2022-07-01,8,198413,4.03
Butler,2022-08-01,14,198413,7.06
Butler,2022-09-01,13,198413,6.55
Butler,2022-10-01,12,198413,6.05
Butler,2022-11-01,9,198413,4.54
Butler,2022-12-01,9,198413,4.54
Butler,2023-01-01,13,198413,6.55
Butler,2023-02-01,3,198413,1.51
Butler,2023-03-01,6,198413,3.02
Butler,2023-04-01,7,198413,3.53
Butler,2023-05-01,4,198413,2.02
Butler,2023-06-01,3,198413,1.51
Butler,2023-07-01,4,198413,2.02
Butler,2023-08-01,3,198413,1.51
Butler,2023-09-01,4,198413,2.02
Butler,2023-10-01,7,198413,3.53
Butler,2023-11-01,9,198413,4.54
Butler,2023-12-01,12,198413,6.05
Butler,2024-01-01,7,198413,3.53
Butler,2024-02-01,2,198413,1.01
Butler,2024-03-01,1,198413,0.5
Cambria,2020-03-01,0,130668,0.0
Cambria,2020-04-01,0,130668,0.0
Cambria,2020-05-01,0,130668,0.0
Cambria,2020-06-01,0,130668,0.0
Cambria,2020-07-01,0,130668,0.0
Cambria,2020-08-01,0,130668,0.0
Cambria,2020-09-01,0,130668,0.0
Cambria,2020-10-01,0,130668,0.0
Cambria,2020-11-01,0,130668,0.0
Cambria,2020-12-01,0,130668,0.0
Cambria,2021-01-01,0,130668,0.0
Cambria,2021-02-01,0,130668,0.0
Cambria,2021-03-01,0,130668,0.0
Cambria,2021-04-01,0,130668,0.0
Cambria,2021-05-01,0,130668,0.0
Cambria,2021-06-01,6,130668,4.59
Cambria,2021-07-01,0,130668,0.0
Cambria,2021-08-01,10,130668,7.65
Cambria,2021-09-01,24,130668,18.37
Cambria,2021-10-01,60,130668,45.92
Cambria,2021-11-01,51,130668,39.03
Cambria,2021-12-01,51,130668,39.03
Cambria,2022-01-01,52,130668,39.8
Cambria,2022-02-01,27,130668,20.66
Cambria,2022-03-01,8,130668,6.12
Cambria,2022-04-01,5,130668,3.83
Cambria,2022-05-01,5,130668,3.83
Cambria,2022-06-01,4,130668,3.06
Cambria,2022-07-01,9,130668,6.89
Cambria,2022-08-01,4,130668,3.06
Cambria,2022-09-01,12,130668,9.18
Cambria,2022-10-01,17,130668,13.01
Cambria,2022-11-01,6,130668,4.59
Cambria,2022-12-01,9,130668,6.89
Cambria,2023-01-01,8,130668,6.12
Cambria,2023-02-01,5,130668,3.83
Cambria,2023-03-01,7,130668,5.36
Cambria,2023-04-01,4,130668,3.06
Cambria,2023-05-01,0,130668,0.0
Cambria,2023-06-01,1,130668,0.77
Cambria,2023-07-01,1,130668,0.77
Cambria,2023-08-01,1,130668,0.77
Cambria,2023-09-01,3,130668,2.3
Cambria,2023-10-01,3,130668,2.3
Cambria,2023-11-01,6,130668,4.59
Cambria,2023-12-01,4,130668,3.06
Cambria,2024-01-01,6,130668,4.59
Cambria,2024-02-01,2,130668,1.53
Cambria,2024-03-01,0,130668,0.0
Cameron,2020-03-01,0,4380,0.0
Cameron,2020-04-01,0,4380,0.0
Cameron,2020-05-01,0,4380,0.0
Cameron,2020-06-01,0,4380,0.0
Cameron,2020-07-01,0,4380,0.0
Cameron,2020-08-01,0,4380,0.0
Cameron,2020-09-01,0,4380,0.0
Cameron,2020-10-01,0,4380,0.0
Cameron,2020-11-01,0,4380,0.0
Cameron,2020-12-01,0,4380,0.0
Cameron,2021-01-01,0,4380,0.0
Cameron,2021-02-01,0,4380,0.0
Cameron,2021-03-01,0,4380,0.0
Cameron,2021-04-01,0,4380,0.0
Cameron,2021-05-01,0,4380,0.0
Cameron,2021-06-01,1,4380,22.83
Cameron,2021-07-01,2,4380,45.66
Cameron,2021-08-01,0,4380,0.0
Cameron,2021-09-01,0,4380,0.0
Cameron,2021-10-01,1,4380,22.83
Cameron,2021-11-01,2,4380,45.66
Cameron,2021-12-01,1,4380,22.83
Cameron,2022-01-01,4,4380,91.32
Cameron,2022-02-01,2,4380,45.66
Cameron,2022-03-01,1,4380,22.83
Cameron,2022-04-01,0,4380,0.0
Cameron,2022-05-01,0,4380,0.0
Cameron,2022-06-01,0,4380,0.0
Cameron,2022-07-01,0,4380,0.0
Cameron,2022-08-01,0,4380,0.0
Cameron,2022-09-01,0,4380,0.0
Cameron,2022-10-01,0,4380,0.0
Cameron,2022-11-01,1,4380,22.83
Cameron,2022-12-01,0,4380,0.0
Cameron,2023-01-01,0,4380,0.0
Cameron,2023-02-01,0,4380,0.0
Cameron,2023-03-01,0,4380,0.0
Cameron,2023-04-01,1,4380,22.83
Cameron,2023-05-01,0,4380,0.0
Cameron,2023-06-01,0,4380,0.0
Cameron,2023-07-01,0,4380,0.0
Cameron,2023-08-01,0,4380,0.0
Cameron,2023-09-01,0,4380,0.0
Cameron,2023-10-01,0,4380,0.0
Cameron,2023-11-01,0,4380,0.0
Cameron,2023-12-01,2,4380,45.66
Cameron,2024-01-01,0,4380,0.0
Cameron,2024-02-01,0,4380,0.0
Cameron,2024-03-01,0,4380,0.0
Carbon,2020-03-01,0,65458,0.0
Carbon,2020-04-01,0,65458,0.0
Carbon,2020-05-01,0,65458,0.0
Carbon,2020-06-01,0,65458,0.0
Carbon,2020-07-01,0,65458,0.0
Carbon,2020-08-01,0,65458,0.0
Carbon,2020-09-01,0,65458,0.0
Carbon,2020-10-01,0,65458,0.0
Carbon,2020-11-01,0,65458,0.0
Carbon,2020-12-01,0,65458,0.0
Carbon,2021-01-01,0,65458,0.0
Carbon,2021-02-01,0,65458,0.0
Carbon,2021-03-01,0,65458,0.0
Carbon,2021-04-01,0,65458,0.0
Carbon,2021-05-01,0,65458,0.0
Carbon,2021-06-01,2,65458,3.06
Carbon,2021-07-01,0,65458,0.0
Carbon,2021-08-01,1,65458,1.53
Carbon,2021-09-01,12,65458,18.33
Carbon,2021-10-01,15,65458,22.92
Carbon,2021-11-01,15,65458,22.92
Carbon,2021-12-01,17,65458,25.97
Carbon,2022-01-01,31,65458,47.36
Carbon,2022-02-01,15,65458,22.92
Carbon,2022-03-01,7,65458,10.69
Carbon,2022-04-01,5,65458,7.64
Carbon,2022-05-01,4,65458,6.11
Carbon,2022-06-01,7,65458,10.69
Carbon,2022-07-01,5,65458,7.64
Carbon,2022-08-01,2,65458,3.06
Carbon,2022-09-01,2,65458,3.06
Carbon,2022-10-01,5,65458,7.64
Carbon,2022-11-01,2,65458,3.06
Carbon,2022-12-01,8,65458,12.22
Carbon,2023-01-01,9,65458,13.75
Carbon,2023-02-01,6,65458,9.17
Carbon,2023-03-01,5,65458,7.64
Carbon,2023-04-01,3,65458,4.58
Carbon,2023-05-01,1,65458,1.53
Carbon,2023-06-01,2,65458,3.06
Carbon,2023-07-01,2,65458,3.06
Carbon,2023-08-01,0,65458,0.0
Carbon,2023-09-01,5,65458,7.64
Carbon,2023-10-01,2,65458,3.06
Carbon,2023-11-01,2,65458,3.06
Carbon,2023-12-01,2,65458,3.06
Carbon,2024-01-01,5,65458,7.64
Carbon,2024-02-01,3,65458,4.58
Carbon,2024-03-01,0,65458,0.0
Centre,2020-03-01,0,157795,0.0
Centre,2020-04-01,0,157795,0.0
Centre,2020-05-01,0,157795,0.0
Centre,2020-06-01,0,157795,0.0
Centre,2020-07-01,0,157795,0.0
Centre,2020-08-01,0,157795,0.0
Centre,2020-09-01,0,157795,0.0
Centre,2020-10-01,0,157795,0.0
Centre,2020-11-01,0,157795,0.0
Centre,2020-12-01,0,157795,0.0
Centre,2021-01-01,0,157795,0.0
Centre,2021-02-01,0,157795,0.0
Centre,2021-03-01,0,157795,0.0
Centre,2021-04-01,0,157795,0.0
Centre,2021-05-01,0,157795,0.0
Centre,2021-06-01,3,157795,1.9
Centre,2021-07-01,1,157795,0.63
Centre,2021-08-01,2,157795,1.27
Centre,2021-09-01,4,157795,2.53
Centre,2021-10-01,13,157795,8.24
Centre,2021-11-01,17,157795,10.77
Centre,2021-12-01,32,157795,20.28
Centre,2022-01-01,34,157795,21.55
Centre,2022-02-01,17,157795,10.77
Centre,2022-03-01,3,157795,1.9
Centre,2022-04-01,1,157795,0.63
Centre,2022-05-01,6,157795,3.8
Centre,2022-06-01,2,157795,1.27
Centre,2022-07-01,2,157795,1.27
Centre,2022-08-01,5,157795,3.17
Centre,2022-09-01,5,157795,3.17
Centre,2022-10-01,4,157795,2.53
Centre,2022-11-01,4,157795,2.53
Centre,2022-12-01,5,157795,3.17
Centre,2023-01-01,8,157795,5.07
Centre,2023-02-01,3,157795,1.9
Centre,2023-03-01,5,157795,3.17
Centre,2023-04-01,3,157795,1.9
Centre,2023-05-01,1,157795,0.63
Centre,2023-06-01,2,157795,1.27
Centre,2023-07-01,1,157795,0.63
Centre,2023-08-01,1,157795,0.63
Centre,2023-09-01,6,157795,3.8
Centre,2023-10-01,3,157795,1.9
Centre,2023-11-01,7,157795,4.44
Centre,2023-12-01,2,157795,1.27
Centre,2024-01-01,3,157795,1.9
Centre,2024-02-01,1,157795,0.63
Centre,2024-03-01,2,157795,1.27
Chester,2020-03-01,0,549784,0.0
Chester,2020-04-01,0,549784,0.0
Chester,2020-05-01,0,549784,0.0
Chester,2020-06-01,0,549784,0.0
Chester,2020-07-01,0,549784,0.0
Chester,2020-08-01,0,549784,0.0
Chester,2020-09-01,0,549784,0.0
Chester,2020-10-01,0,549784,0.0
Chester,2020-11-01,0,549784,0.0
Chester,2020-12-01,0,549784,0.0
Chester,2021-01-01,0,549784,0.0
Chester,2021-02-01,0,549784,0.0
Chester,2021-03-01,0,549784,0.0
Chester,2021-04-01,0,549784,0.0
Chester,2021-05-01,0,549784,0.0
Chester,2021-06-01,3,549784,0.55
Chester,2021-07-01,4,549784,0.73
Chester,2021-08-01,12,549784,2.18
Chester,2021-09-01,14,549784,2.55
Chester,2021-10-01,25,549784,4.55
Chester,2021-11-01,29,549784,5.27
Chester,2021-12-01,80,549784,14.55
Chester,2022-01-01,100,549784,18.19
Chester,2022-02-01,38,549784,6.91
Chester,2022-03-01,18,549784,3.27
Chester,2022-04-01,13,549784,2.36
Chester,2022-05-01,17,549784,3.09
Chester,2022-06-01,8,549784,1.46
Chester,2022-07-01,8,549784,1.46
Chester,2022-08-01,22,549784,4.0
Chester,2022-09-01,16,549784,2.91
Chester,2022-10-01,22,549784,4.0
Chester,2022-11-01,16,549784,2.91
Chester,2022-12-01,14,549784,2.55
Chester,2023-01-01,34,549784,6.18
Chester,2023-02-01,12,549784,2.18
Chester,2023-03-01,15,549784,2.73
Chester,2023-04-01,5,549784,0.91
Chester,2023-05-01,2,549784,0.36
Chester,2023-06-01,1,549784,0.18
Chester,2023-07-01,3,549784,0.55
Chester,2023-08-01,2,549784,0.36
Chester,2023-09-01,6,549784,1.09
Chester,2023-10-01,8,549784,1.46
Chester,2023-11-01,10,549784,1.82
Chester,2023-12-01,14,549784,2.55
Chester,2024-01-01,18,549784,3.27
Chester,2024-02-01,9,549784,1.64
Chester,2024-03-01,2,549784,0.36
Clarion,2020-03-01,0,36970,0.0
Clarion,2020-04-01,0,36970,0.0
Clarion,2020-05-01,0,36970,0.0
Clarion,2020-06-01,0,36970,0.0
Clarion,2020-07-01,0,36970,0.0
Clarion,2020-08-01,0,36970,0.0
Clarion,2020-09-01,0,36970,0.0
Clarion,2020-10-01,0,36970,0.0
Clarion,2020-11-01,0,36970,0.0
Clarion,2020-12-01,0,36970,0.0
Clarion,2021-01-01,0,36970,0.0
Clarion,2021-02-01,0,36970,0.0
Clarion,2021-03-01,0,36970,0.0
Clarion,2021-04-01,0,36970,0.0
Clarion,2021-05-01,0,36970,0.0
Clarion,2021-06-01,2,36970,5.41
Clarion,2021-07-01,0,36970,0.0
Clarion,2021-08-01,4,36970,10.82
Clarion,2021-09-01,10,36970,27.05
Clarion,2021-10-01,19,36970,51.39
Clarion,2021-11-01,28,36970,75.74
Clarion,2021-12-01,23,36970,62.21
Clarion,2022-01-01,13,36970,35.16
Clarion,2022-02-01,9,36970,24.34
Clarion,2022-03-01,3,36970,8.11
Clarion,2022-04-01,0,36970,0.0
Clarion,2022-05-01,1,36970,2.7
Clarion,2022-06-01,0,36970,0.0
Clarion,2022-07-01,0,36970,0.0
Clarion,2022-08-01,2,36970,5.41
Clarion,2022-09-01,1,36970,2.7
Clarion,2022-10-01,2,36970,5.41
Clarion,2022-11-01,1,36970,2.7
Clarion,2022-12-01,3,36970,8.11
Clarion,2023-01-01,2,36970,5.41
Clarion,2023-02-01,2,36970,5.41
Clarion,2023-03-01,1,36970,2.7
Clarion,2023-04-01,0,36970,0.0
Clarion,2023-05-01,0,36970,0.0
Clarion,2023-06-01,0,36970,0.0
Clarion,2023-07-01,0,36970,0.0
Clarion,2023-08-01,0,36970,0.0
Clarion,2023-09-01,2,36970,5.41
Clarion,2023-10-01,0,36970,0.0
Clarion,2023-11-01,5,36970,13.52
Clarion,2023-12-01,1,36970,2.7
Clarion,2024-01-01,0,36970,0.0
Clarion,2024-02-01,0,36970,0.0
Clarion,2024-03-01,1,36970,2.7
Clearfield,2020-03-01,0,77090,0.0
Clearfield,2020-04-01,0,77090,0.0
Clearfield,2020-05-01,0,77090,0.0
Clearfield,2020-06-01,0,77090,0.0
Clearfield,2020-07-01,0,77090,0.0
Clearfield,2020-08-01,0,77090,0.0
Clearfield,2020-09-01,0,77090,0.0
Clearfield,2020-10-01,0,77090,0.0
Clearfield,2020-11-01,0,77090,0.0
Clearfield,2020-12-01,0,77090,0.0
Clearfield,2021-01-01,0,77090,0.0
Clearfield,2021-02-01,0,77090,0.0
Clearfield,2021-03-01,0,77090,0.0
Clearfield,2021-04-01,0,77090,0.0
Clearfield,2021-05-01,0,77090,0.0
Clearfield,2021-06-01,6,77090,7.78
Clearfield,2021-07-01,2,77090,2.59
Clearfield,2021-08-01,9,77090,11.67
Clearfield,2021-09-01,14,77090,18.16
Clearfield,2021-10-01,28,77090,36.32
Clearfield,2021-11-01,27,77090,35.02
Clearfield,2021-12-01,49,77090,63.56
Clearfield,2022-01-01,33,77090,42.81
Clearfield,2022-02-01,18,77090,23.35
Clearfield,2022-03-01,11,77090,14.27
Clearfield,2022-04-01,0,77090,0.0
Clearfield,2022-05-01,3,77090,3.89
Clearfield,2022-06-01,3,77090,3.89
Clearfield,2022-07-01,4,77090,5.19
Clearfield,2022-08-01,7,77090,9.08
Clearfield,2022-09-01,7,77090,9.08
Clearfield,2022-10-01,6,77090,7.78
Clearfield,2022-11-01,7,77090,9.08
Clearfield,2022-12-01,4,77090,5.19
Clearfield,2023-01-01,5,77090,6.49
Clearfield,2023-02-01,4,77090,5.19
Clearfield,2023-03-01,0,77090,0.0
Clearfield,2023-04-01,2,77090,2.59
Clearfield,2023-05-01,0,77090,0.0
Clearfield,2023-06-01,0,77090,0.0
Clearfield,2023-07-01,0,77090,0.0
Clearfield,2023-08-01,0,77090,0.0
Clearfield,2023-09-01,0,77090,0.0
Clearfield,2023-10-01,3,77090,3.89
Clearfield,2023-11-01,2,77090,2.59
Clearfield,2023-12-01,3,77090,3.89
Clearfield,2024-01-01,4,77090,5.19
Clearfield,2024-02-01,4,77090,5.19
Clearfield,2024-03-01,0,77090,0.0
Clinton,2020-03-01,0,37607,0.0
Clinton,2020-04-01,0,37607,0.0
Clinton,2020-05-01,0,37607,0.0
Clinton,2020-06-01,0,37607,0.0
Clinton,2020-07-01,0,37607,0.0
Clinton,2020-08-01,0,37607,0.0
Clinton,2020-09-01,0,37607,0.0
Clinton,2020-10-01,0,37607,0.0
Clinton,2020-11-01,0,37607,0.0
Clinton,2020-12-01,0,37607,0.0
Clinton,2021-01-01,0,37607,0.0
Clinton,2021-02-01,0,37607,0.0
Clinton,2021-03-01,0,37607,0.0
Clinton,2021-04-01,0,37607,0.0
Clinton,2021-05-01,0,37607,0.0
Clinton,2021-06-01,1,37607,2.66
Clinton,2021-07-01,0,37607,0.0
Clinton,2021-08-01,1,37607,2.66
Clinton,2021-09-01,2,37607,5.32
Clinton,2021-10-01,9,37607,23.93
Clinton,2021-11-01,16,37607,42.55
Clinton,2021-12-01,16,37607,42.55
Clinton,2022-01-01,6,37607,15.95
Clinton,2022-02-01,8,37607,21.27
Clinton,2022-03-01,1,37607,2.66
Clinton,2022-04-01,0,37607,0.0
Clinton,2022-05-01,0,37607,0.0
Clinton,2022-06-01,3,37607,7.98
Clinton,2022-07-01,2,37607,5.32
Clinton,2022-08-01,1,37607,2.66
Clinton,2022-09-01,1,37607,2.66
Clinton,2022-10-01,1,37607,2.66
Clinton,2022-11-01,3,37607,7.98
Clinton,2022-12-01,3,37607,7.98
Clinton,2023-01-01,1,37607,2.66
Clinton,2023-02-01,0,37607,0.0
Clinton,2023-03-01,1,37607,2.66
Clinton,2023-04-01,0,37607,0.0
Clinton,2023-05-01,0,37607,0.0
Clinton,2023-06-01,0,37607,0.0
Clinton,2023-07-01,0,37607,0.0
Clinton,2023-08-01,0,37607,0.0
Clinton,2023-09-01,1,37607,2.66
Clinton,2023-10-01,1,37607,2.66
Clinton,2023-11-01,2,37607,5.32
Clinton,2023-12-01,3,37607,7.98
Clinton,2024-01-01,3,37607,7.98
Clinton,2024-02-01,1,37607,2.66
Clinton,2024-03-01,1,37607,2.66
Columbia,2020-03-01,0,65439,0.0
Columbia,2020-04-01,0,65439,0.0
Columbia,2020-05-01,0,65439,0.0
Columbia,2020-06-01,0,65439,0.0
Columbia,2020-07-01,0,65439,0.0
Columbia,2020-08-01,0,65439,0.0
Columbia,2020-09-01,0,65439,0.0
Columbia,2020-10-01,0,65439,0.0
Columbia,2020-11-01,0,65439,0.0
Columbia,2020-12-01,0,65439,0.0
Columbia,2021-01-01,0,65439,0.0
Columbia,2021-02-01,0,65439,0.0
Columbia,2021-03-01,0,65439,0.0
Columbia,2021-04-01,0,65439,0.0
Columbia,2021-05-01,0,65439,0.0
Columbia,2021-06-01,2,65439,3.06
Columbia,2021-07-01,0,65439,0.0
Columbia,2021-08-01,3,65439,4.58
Columbia,2021-09-01,5,65439,7.64
Columbia,2021-10-01,12,65439,18.34
Columbia,2021-11-01,14,65439,21.39
Columbia,2021-12-01,28,65439,42.79
Columbia,2022-01-01,27,65439,41.26
Columbia,2022-02-01,15,65439,22.92
Columbia,2022-03-01,3,65439,4.58
Columbia,2022-04-01,3,65439,4.58
Columbia,2022-05-01,1,65439,1.53
Columbia,2022-06-01,5,65439,7.64
Columbia,2022-07-01,2,65439,3.06
Columbia,2022-08-01,3,65439,4.58
Columbia,2022-09-01,3,65439,4.58
Columbia,2022-10-01,7,65439,10.7
Columbia,2022-11-01,3,65439,4.58
Columbia,2022-12-01,1,65439,1.53
Columbia,2023-01-01,1,65439,1.53
Columbia,2023-02-01,4,65439,6.11
Columbia,2023-03-01,0,65439,0.0
Columbia,2023-04-01,2,65439,3.06
Columbia,2023-05-01,1,65439,1.53
Columbia,2023-06-01,0,65439,0.0
Columbia,2023-07-01,0,65439,0.0
Columbia,2023-08-01,2,65439,3.06
Columbia,2023-09-01,2,65439,3.06
Columbia,2023-10-01,3,65439,4.58
Columbia,2023-11-01,1,65439,1.53
Columbia,2023-12-01,1,65439,1.53
Columbia,2024-01-01,2,65439,3.06
Columbia,2024-02-01,1,65439,1.53
Columbia,2024-03-01,0,65439,0.0
Crawford,2020-03-01,0,82001,0.0
Crawford,2020-04-01,0,82001,0.0
Crawford,2020-05-01,0,82001,0.0
Crawford,2020-06-01,0,82001,0.0
Crawford,2020-07-01,0,82001,0.0
Crawford,2020-08-01,0,82001,0.0
Crawford,2020-09-01,0,82001,0.0
Crawford,2020-10-01,0,82001,0.0
Crawford,2020-11-01,0,82001,0.0
Crawford,2020-12-01,0,82001,0.0
Crawford,2021-01-01,0,82001,0.0
Crawford,2021-02-01,0,82001,0.0
Crawford,2021-03-01,0,82001,0.0
Crawford,2021-04-01,0,82001,0.0
Crawford,2021-05-01,0,82001,0.0
Crawford,2021-06-01,3,82001,3.66
Crawford,2021-07-01,1,82001,1.22
Crawford,2021-08-01,7,82001,8.54
Crawford,2021-09-01,12,82001,14.63
Crawford,2021-10-01,19,82001,23.17
Crawford,2021-11-01,37,82001,45.12
Crawford,2021-12-01,34,82001,41.46
Crawford,2022-01-01,27,82001,32.93
Crawford,2022-02-01,16,82001,19.51
Crawford,2022-03-01,6,82001,7.32
Crawford,2022-04-01,4,82001,4.88
Crawford,2022-05-01,4,82001,4.88
Crawford,2022-06-01,6,82001,7.32
Crawford,2022-07-01,5,82001,6.1
Crawford,2022-08-01,3,82001,3.66
Crawford,2022-09-01,5,82001,6.1
Crawford,2022-10-01,4,82001,4.88
Crawford,2022-11-01,6,82001,7.32
Crawford,2022-12-01,1,82001,1.22
Crawford,2023-01-01,1,82001,1.22
Crawford,2023-02-01,7,82001,8.54
Crawford,2023-03-01,7,82001,8.54
Crawford,2023-04-01,2,82001,2.44
Crawford,2023-05-01,1,82001,1.22
Crawford,2023-06-01,2,82001,2.44
Crawford,2023-07-01,0,82001,0.0
Crawford,2023-08-01,1,82001,1.22
Crawford,2023-09-01,3,82001,3.66
Crawford,2023-10-01,0,82001,0.0
Crawford,2023-11-01,3,82001,3.66
Crawford,2023-12-01,4,82001,4.88
Crawford,2024-01-01,3,82001,3.66
Crawford,2024-02-01,0,82001,0.0
Crawford,2024-03-01,0,82001,0.0
Cumberland,2020-03-01,0,270738,0.0
Cumberland,2020-04-01,0,270738,0.0
Cumberland,2020-05-01,0,270738,0.0
Cumberland,2020-06-01,0,270738,0.0
Cumberland,2020-07-01,0,270738,0.0
Cumberland,2020-08-01,0,270738,0.0
Cumberland,2020-09-01,0,270738,0.0
Cumberland,2020-10-01,0,270738,0.0
Cumberland,2020-11-01,0,270738,0.0
Cumberland,2020-12-01,0,270738,0.0
Cumberland,2021-01-01,0,270738,0.0
Cumberland,2021-02-01,0,270738,0.0
Cumberland,2021-03-01,0,270738,0.0
Cumberland,2021-04-01,0,270738,0.0
Cumberland,2021-05-01,0,270738,0.0
Cumberland,2021-06-01,2,270738,0.74
Cumberland,2021-07-01,4,270738,1.48
Cumberland,2021-08-01,17,270738,6.28
Cumberland,2021-09-01,31,270738,11.45
Cumberland,2021-10-01,57,270738,21.05
Cumberland,2021-11-01,33,270738,12.19
Cumberland,2021-12-01,70,270738,25.86
Cumberland,2022-01-01,91,270738,33.61
Cumberland,2022-02-01,45,270738,16.62
Cumberland,2022-03-01,16,270738,5.91
Cumberland,2022-04-01,5,270738,1.85
Cumberland,2022-05-01,7,270738,2.59
Cumberland,2022-06-01,6,270738,2.22
Cumberland,2022-07-01,7,270738,2.59
Cumberland,2022-08-01,5,270738,1.85
Cumberland,2022-09-01,10,270738,3.69
Cumberland,2022-10-01,8,270738,2.95
Cumberland,2022-11-01,12,270738,4.43
Cumberland,2022-12-01,10,270738,3.69
Cumberland,2023-01-01,8,270738,2.95
Cumberland,2023-02-01,4,270738,1.48
Cumberland,2023-03-01,5,270738,1.85
Cumberland,2023-04-01,0,270738,0.0
Cumberland,2023-05-01,4,270738,1.48
Cumberland,2023-06-01,2,270738,0.74
Cumberland,2023-07-01,0,270738,0.0
Cumberland,2023-08-01,1,270738,0.37
Cumberland,2023-09-01,4,270738,1.48
Cumberland,2023-10-01,8,270738,2.95
Cumberland,2023-11-01,8,270738,2.95
Cumberland,2023-12-01,17,270738,6.28
Cumberland,2024-01-01,14,270738,5.17
Cumberland,2024-02-01,5,270738,1.85
Cumberland,2024-03-01,4,270738,1.48
Dauphin,2020-03-01,0,289234,0.0
Dauphin,2020-04-01,0,289234,0.0
Dauphin,2020-05-01,0,289234,0.0
Dauphin,2020-06-01,0,289234,0.0
Dauphin,2020-07-01,0,289234,0.0
Dauphin,2020-08-01,0,289234,0.0
Dauphin,2020-09-01,0,289234,0.0
Dauphin,2020-10-01,0,289234,0.0
Dauphin,2020-11-01,0,289234,0.0
Dauphin,2020-12-01,0,289234,0.0
Dauphin,2021-01-01,0,289234,0.0
Dauphin,2021-02-01,0,289234,0.0
Dauphin,2021-03-01,0,289234,0.0
Dauphin,2021-04-01,0,289234,0.0
Dauphin,2021-05-01,0,289234,0.0
Dauphin,2021-06-01,5,289234,1.73
Dauphin,2021-07-01,5,289234,1.73
Dauphin,2021-08-01,15,289234,5.19
Dauphin,2021-09-01,26,289234,8.99
Dauphin,2021-10-01,59,289234,20.4
Dauphin,2021-11-01,52,289234,17.98
Dauphin,2021-12-01,69,289234,23.86
Dauphin,2022-01-01,105,289234,36.3
Dauphin,2022-02-01,52,289234,17.98
Dauphin,2022-03-01,17,289234,5.88
Dauphin,2022-04-01,6,289234,2.07
Dauphin,2022-05-01,8,289234,2.77
Dauphin,2022-06-01,9,289234,3.11
Dauphin,2022-07-01,13,289234,4.49
Dauphin,2022-08-01,13,289234,4.49
Dauphin,2022-09-01,5,289234,1.73
Dauphin,2022-10-01,8,289234,2.77
Dauphin,2022-11-01,19,289234,6.57
Dauphin,2022-12-01,19,289234,6.57
Dauphin,2023-01-01,11,289234,3.8
Dauphin,2023-02-01,10,289234,3.46
Dauphin,2023-03-01,8,289234,2.77
Dauphin,2023-04-01,4,289234,1.38
Dauphin,2023-05-01,2,289234,0.69
Dauphin,2023-06-01,1,289234,0.35
Dauphin,2023-07-01,1,289234,0.35
Dauphin,2023-08-01,5,289234,1.73
Dauphin,2023-09-01,2,289234,0.69
Dauphin,2023-10-01,7,289234,2.42
Dauphin,2023-11-01,3,289234,1.04
Dauphin,2023-12-01,13,289234,4.49
Dauphin,2024-01-01,9,289234,3.11
Dauphin,2024-02-01,3,289234,1.04
Dauphin,2024-03-01,0,289234,0.0
Delaware,2020-03-01,0,576720,0.0
Delaware,2020-04-01,0,576720,0.0
Delaware,2020-05-01,0,576720,0.0
Delaware,2020-06-01,0,576720,0.0
Delaware,2020-07-01,0,576720,0.0
Delaware,2020-08-01,0,576720,0.0
Delaware,2020-09-01,0,576720,0.0
Delaware,2020-10-01,0,576720,0.0
Delaware,2020-11-01,0,576720,0.0
Delaware,2020-12-01,0,576720,0.0
Delaware,2021-01-01,0,576720,0.0
Delaware,2021-02-01,0,576720,0.0
Delaware,2021-03-01,0,576720,0.0
Delaware,2021-04-01,0,576720,0.0
Delaware,2021-05-01,0,576720,0.0
Delaware,2021-06-01,10,576720,1.73
Delaware,2021-07-01,3,576720,0.52
Delaware,2021-08-01,24,576720,4.16
Delaware,2021-09-01,22,576720,3.81
Delaware,2021-10-01,39,576720,6.76
Delaware,2021-11-01,27,576720,4.68
Delaware,2021-12-01,68,576720,11.79
Delaware,2022-01-01,177,576720,30.69
Delaware,2022-02-01,62,576720,10.75
Delaware,2022-03-01,19,576720,3.29
Delaware,2022-04-01,8,576720,1.39
Delaware,2022-05-01,9,576720,1.56
Delaware,2022-06-01,14,576720,2.43
Delaware,2022-07-01,13,576720,2.25
Delaware,2022-08-01,12,576720,2.08
Delaware,2022-09-01,19,576720,3.29
Delaware,2022-10-01,24,576720,4.16
Delaware,2022-11-01,31,576720,5.38
Delaware,2022-12-01,28,576720,4.86
Delaware,2023-01-01,31,576720,5.38
Delaware,2023-02-01,22,576720,3.81
Delaware,2023-03-01,17,576720,2.95
Delaware,2023-04-01,2,576720,0.35
Delaware,2023-05-01,5,576720,0.87
Delaware,2023-06-01,2,576720,0.35
Delaware,2023-07-01,0,576720,0.0
Delaware,2023-08-01,9,576720,1.56
Delaware,2023-09-01,7,576720,1.21
Delaware,2023-10-01,6,576720,1.04
Delaware,2023-11-01,8,576720,1.39
Delaware,2023-12-01,8,576720,1.39
Delaware,2024-01-01,20,576720,3.47
Delaware,2024-02-01,6,576720,1.04
Delaware,2024-03-01,5,576720,0.87
Elk,2020-03-01,0,30198,0.0
Elk,2020-04-01,0,30198,0.0
Elk,2020-05-01,0,30198,0.0
Elk,2020-06-01,0,30198,0.0
Elk,2020-07-01,0,30198,0.0
Elk,2020-08-01,0,30198,0.0
Elk,2020-09-01,0,30198,0.0
Elk,2020-10-01,0,30198,0.0
Elk,2020-11-01,0,30198,0.0
Elk,2020-12-01,0,30198,0.0
Elk,2021-01-01,0,30198,0.0
Elk,2021-02-01,0,30198,0.0
Elk,2021-03-01,0,30198,0.0
Elk,2021-04-01,0,30198,0.0
Elk,2021-05-01,0,30198,0.0
Elk,2021-06-01,1,30198,3.31
Elk,2021-07-01,0,30198,0.0
Elk,2021-08-01,2,30198,6.62
Elk,2021-09-01,7,30198,23.18
Elk,2021-10-01,10,30198,33.11
Elk,2021-11-01,6,30198,19.87
Elk,2021-12-01,15,30198,49.67
Elk,2022-01-01,12,30198,39.74
Elk,2022-02-01,3,30198,9.93
Elk,2022-03-01,3,30198,9.93
Elk,2022-04-01,1,30198,3.31
Elk,2022-05-01,1,30198,3.31
Elk,2022-06-01,2,30198,6.62
Elk,2022-07-01,3,30198,9.93
Elk,2022-08-01,3,30198,9.93
Elk,2022-09-01,2,30198,6.62
Elk,2022-10-01,0,30198,0.0
Elk,2022-11-01,4,30198,13.25
Elk,2022-12-01,0,30198,0.0
Elk,2023-01-01,4,30198,13.25
Elk,2023-02-01,2,30198,6.62
Elk,2023-03-01,3,30198,9.93
Elk,2023-04-01,2,30198,6.62
Elk,2023-05-01,0,30198,0.0
Elk,2023-06-01,0,30198,0.0
Elk,2023-07-01,1,30198,3.31
Elk,2023-08-01,0,30198,0.0
Elk,2023-09-01,1,30198,3.31
Elk,2023-10-01,0,30198,0.0
Elk,2023-11-01,5,30198,16.56
Elk,2023-12-01,4,30198,13.25
Elk,2024-01-01,5,30198,16.56
Elk,2024-02-01,1,30198,3.31
Elk,2024-03-01,1,30198,3.31
Erie,2020-03-01,0,267571,0.0
Erie,2020-04-01,0,267571,0.0
Erie,2020-05-01,0,267571,0.0
Erie,2020-06-01,0,267571,0.0
Erie,2020-07-01,0,267571,0.0
Erie,2020-08-01,0,267571,0.0
Erie,2020-09-01,0,267571,0.0
Erie,2020-10-01,0,267571,0.0
Erie,2020-11-01,0,267571,0.0
Erie,2020-12-01,0,267571,0.0
Erie,2021-01-01,0,267571,0.0
Erie,2021-02-01,0,267571,0.0
Erie,2021-03-01,0,267571,0.0
Erie,2021-04-01,0,267571,0.0
Erie,2021-05-01,0,267571,0.0
Erie,2021-06-01,1,267571,0.37
Erie,2021-07-01,3,267571,1.12
Erie,2021-08-01,15,267571,5.61
Erie,2021-09-01,21,267571,7.85
Erie,2021-10-01,42,267571,15.7
Erie,2021-11-01,72,267571,26.91
Erie,2021-12-01,80,267571,29.9
Erie,2022-01-01,67,267571,25.04
Erie,2022-02-01,33,267571,12.33
Erie,2022-03-01,9,267571,3.36
Erie,2022-04-01,4,267571,1.49
Erie,2022-05-01,16,267571,5.98
Erie,2022-06-01,13,267571,4.86
Erie,2022-07-01,7,267571,2.62
Erie,2022-08-01,11,267571,4.11
Erie,2022-09-01,14,267571,5.23
Erie,2022-10-01,16,267571,5.98
Erie,2022-11-01,20,267571,7.47
Erie,2022-12-01,12,267571,4.48
Erie,2023-01-01,17,267571,6.35
Erie,2023-02-01,7,267571,2.62
Erie,2023-03-01,10,267571,3.74
Erie,2023-04-01,2,267571,0.75
Erie,2023-05-01,2,267571,0.75
Erie,2023-06-01,3,267571,1.12
Erie,2023-07-01,2,267571,0.75
Erie,2023-08-01,0,267571,0.0
Erie,2023-09-01,1,267571,0.37
Erie,2023-10-01,15,267571,5.61
Erie,2023-11-01,14,267571,5.23
Erie,2023-12-01,11,267571,4.11
Erie,2024-01-01,10,267571,3.74
Erie,2024-02-01,8,267571,2.99
Erie,2024-03-01,1,267571,0.37
Fayette,2020-03-01,0,123915,0.0
Fayette,2020-04-01,0,123915,0.0
Fayette,2020-05-01,0,123915,0.0
Fayette,2020-06-01,0,123915,0.0
Fayette,2020-07-01,0,123915,0.0
Fayette,2020-08-01,0,123915,0.0
Fayette,2020-09-01,0,123915,0.0
Fayette,2020-10-01,0,123915,0.0
Fayette,2020-11-01,0,123915,0.0
Fayette,2020-12-01,0,123915,0.0
Fayette,2021-01-01,0,123915,0.0
Fayette,2021-02-01,0,123915,0.0
Fayette,2021-03-01,0,123915,0.0
Fayette,2021-04-01,0,123915,0.0
Fayette,2021-05-01,0,123915,0.0
Fayette,2021-06-01,0,123915,0.0
Fayette,2021-07-01,0,123915,0.0
Fayette,2021-08-01,0,123915,0.0
Fayette,2021-09-01,0,123915,0.0
Fayette,2021-10-01,0,123915,0.0
Fayette,2021-11-01,0,123915,0.0
Fayette,2021-12-01,62,123915,50.03
Fayette,2022-01-01,53,123915,42.77
Fayette,2022-02-01,47,123915,37.93
Fayette,2022-03-01,13,123915,10.49
Fayette,2022-04-01,4,123915,3.23
Fayette,2022-05-01,5,123915,4.04
Fayette,2022-06-01,6,123915,4.84
Fayette,2022-07-01,8,123915,6.46
Fayette,2022-08-01,11,123915,8.88
Fayette,2022-09-01,12,123915,9.68
Fayette,2022-10-01,12,123915,9.68
Fayette,2022-11-01,6,123915,4.84
Fayette,2022-12-01,7,123915,5.65
Fayette,2023-01-01,8,123915,6.46
Fayette,2023-02-01,8,123915,6.46
Fayette,2023-03-01,5,123915,4.04
Fayette,2023-04-01,4,123915,3.23
Fayette,2023-05-01,5,123915,4.04
Fayette,2023-06-01,5,123915,4.04
Fayette,2023-07-01,3,123915,2.42
Fayette,2023-08-01,4,123915,3.23
Fayette,2023-09-01,3,123915,2.42
Fayette,2023-10-01,5,123915,4.04
Fayette,2023-11-01,4,123915,3.23
Fayette,2023-12-01,11,123915,8.88
Fayette,2024-01-01,6,123915,4.84
Fayette,2024-02-01,6,123915,4.84
Fayette,2024-03-01,2,123915,1.61
Forest,2020-03-01,0,6449,0.0
Forest,2020-04-01,0,6449,0.0
Forest,2020-05-01,0,6449,0.0
Forest,2020-06-01,0,6449,0.0
Forest,2020-07-01,0,6449,0.0
Forest,2020-08-01,0,6449,0.0
Forest,2020-09-01,0,6449,0.0
Forest,2020-10-01,0,6449,0.0
Forest,2020-11-01,0,6449,0.0
Forest,2020-12-01,0,6449,0.0
Forest,2021-01-01,0,6449,0.0
Forest,2021-02-01,0,6449,0.0
Forest,2021-03-01,0,6449,0.0
Forest,2021-04-01,0,6449,0.0
Forest,2021-05-01,0,6449,0.0
Forest,2021-06-01,0,6449,0.0
Forest,2021-07-01,0,6449,0.0
Forest,2021-08-01,0,6449,0.0
Forest,2021-09-01,0,6449,0.0
Forest,2021-10-01,0,6449,0.0
Forest,2021-11-01,0,6449,0.0
Forest,2021-12-01,0,6449,0.0
Forest,2022-01-01,0,6449,0.0
Forest,2022-02-01,0,6449,0.0
Forest,2022-03-01,0,6449,0.0
Forest,2022-04-01,0,6449,0.0
Forest,2022-05-01,0,6449,0.0
Forest,2022-06-01,0,6449,0.0
Forest,2022-07-01,0,6449,0.0
Forest,2022-08-01,0,6449,0.0
Forest,2022-09-01,0,6449,0.0
Forest,2022-10-01,0,6449,0.0
Forest,2022-11-01,0,6449,0.0
Forest,2022-12-01,0,6449,0.0
Forest,2023-01-01,0,6449,0.0
Forest,2023-02-01,0,6449,0.0
Forest,2023-03-01,0,6449,0.0
Forest,2023-04-01,0,6449,0.0
Forest,2023-05-01,0,6449,0.0
Forest,2023-06-01,0,6449,0.0
Forest,2023-07-01,0,6449,0.0
Forest,2023-08-01,0,6449,0.0
Forest,2023-09-01,0,6449,0.0
Forest,2023-10-01,0,6449,0.0
Forest,2023-11-01,0,6449,0.0
Forest,2023-12-01,1,6449,15.51
Forest,2024-01-01,1,6449,15.51
Forest,2024-02-01,0,6449,0.0
Forest,2024-03-01,0,6449,0.0
Franklin,2020-03-01,0,157854,0.0
Franklin,2020-04-01,0,157854,0.0
Franklin,2020-05-01,0,157854,0.0
Franklin,2020-06-01,0,157854,0.0
Franklin,2020-07-01,0,157854,0.0
Franklin,2020-08-01,0,157854,0.0
Franklin,2020-09-01,0,157854,0.0
Franklin,2020-10-01,0,157854,0.0
Franklin,2020-11-01,0,157854,0.0
Franklin,2020-12-01,0,157854,0.0
Franklin,2021-01-01,0,157854,0.0
Franklin,2021-02-01,0,157854,0.0
Franklin,2021-03-01,0,157854,0.0
Franklin,2021-04-01,0,157854,0.0
Franklin,2021-05-01,0,157854,0.0
Franklin,2021-06-01,4,157854,2.53
Franklin,2021-07-01,2,157854,1.27
Franklin,2021-08-01,7,157854,4.43
Franklin,2021-09-01,38,157854,24.07
Franklin,2021-10-01,44,157854,27.87
Franklin,2021-11-01,38,157854,24.07
Franklin,2021-12-01,59,157854,37.38
Franklin,2022-01-01,76,157854,48.15
Franklin,2022-02-01,36,157854,22.81
Franklin,2022-03-01,16,157854,10.14
Franklin,2022-04-01,5,157854,3.17
Franklin,2022-05-01,5,157854,3.17
Franklin,2022-06-01,9,157854,5.7
Franklin,2022-07-01,10,157854,6.33
Franklin,2022-08-01,13,157854,8.24
Franklin,2022-09-01,12,157854,7.6
Franklin,2022-10-01,8,157854,5.07
Franklin,2022-11-01,14,157854,8.87
Franklin,2022-12-01,16,157854,10.14
Franklin,2023-01-01,12,157854,7.6
Franklin,2023-02-01,6,157854,3.8
Franklin,2023-03-01,8,157854,5.07
Franklin,2023-04-01,8,157854,5.07
Franklin,2023-05-01,6,157854,3.8
Franklin,2023-06-01,5,157854,3.17
Franklin,2023-07-01,1,157854,0.63
Franklin,2023-08-01,4,157854,2.53
Franklin,2023-09-01,0,157854,0.0
Franklin,2023-10-01,6,157854,3.8
Franklin,2023-11-01,3,157854,1.9
Franklin,2023-12-01,9,157854,5.7
Franklin,2024-01-01,17,157854,10.77
Franklin,2024-02-01,2,157854,1.27
Franklin,2024-03-01,3,157854,1.9
Fulton,2020-03-01,0,14468,0.0
Fulton,2020-04-01,0,14468,0.0
Fulton,2020-05-01,0,14468,0.0
Fulton,2020-06-01,0,14468,0.0
Fulton,2020-07-01,0,14468,0.0
Fulton,2020-08-01,0,14468,0.0
Fulton,2020-09-01,0,14468,0.0
Fulton,2020-10-01,0,14468,0.0
Fulton,2020-11-01,0,14468,0.0
Fulton,2020-12-01,0,14468,0.0
Fulton,2021-01-01,0,14468,0.0
Fulton,2021-02-01,0,14468,0.0
Fulton,2021-03-01,0,14468,0.0
Fulton,2021-04-01,0,14468,0.0
Fulton,2021-05-01,0,14468,0.0
Fulton,2021-06-01,0,14468,0.0
Fulton,2021-07-01,0,14468,0.0
Fulton,2021-08-01,3,14468,20.74
Fulton,2021-09-01,6,14468,41.47
Fulton,2021-10-01,6,14468,41.47
Fulton,2021-11-01,8,14468,55.29
Fulton,2021-12-01,14,14468,96.77
Fulton,2022-01-01,8,14468,55.29
Fulton,2022-02-01,3,14468,20.74
Fulton,2022-03-01,0,14468,0.0
Fulton,2022-04-01,0,14468,0.0
Fulton,2022-05-01,1,14468,6.91
Fulton,2022-06-01,0,14468,0.0
Fulton,2022-07-01,0,14468,0.0
Fulton,2022-08-01,0,14468,0.0
Fulton,2022-09-01,3,14468,20.74
Fulton,2022-10-01,1,14468,6.91
Fulton,2022-11-01,0,14468,0.0
Fulton,2022-12-01,0,14468,0.0
Fulton,2023-01-01,1,14468,6.91
Fulton,2023-02-01,2,14468,13.82
Fulton,2023-03-01,0,14468,0.0
Fulton,2023-04-01,0,14468,0.0
Fulton,2023-05-01,0,14468,0.0
Fulton,2023-06-01,0,14468,0.0
Fulton,2023-07-01,0,14468,0.0
Fulton,2023-08-01,0,14468,0.0
Fulton,2023-09-01,0,14468,0.0
Fulton,2023-10-01,0,14468,0.0
Fulton,2023-11-01,0,14468,0.0
Fulton,2023-12-01,0,14468,0.0
Fulton,2024-01-01,0,14468,0.0
Fulton,2024-02-01,0,14468,0.0
Fulton,2024-03-01,0,14468,0.0
Greene,2020-03-01,0,34357,0.0
Greene,2020-04-01,0,34357,0.0
Greene,2020-05-01,0,34357,0.0
Greene,2020-06-01,0,34357,0.0
Greene,2020-07-01,0,34357,0.0
Greene,2020-08-01,0,34357,0.0
Greene,2020-09-01,0,34357,0.0
Greene,2020-10-01,0,34357,0.0
Greene,2020-11-01,0,34357,0.0
Greene,2020-12-01,0,34357,0.0
Greene,2021-01-01,0,34357,0.0
Greene,2021-02-01,0,34357,0.0
Greene,2021-03-01,0,34357,0.0
Greene,2021-04-01,0,34357,0.0
Greene,2021-05-01,0,34357,0.0
Greene,2021-06-01,0,34357,0.0
Greene,2021-07-01,0,34357,0.0
Greene,2021-08-01,2,34357,5.82
Greene,2021-09-01,6,34357,17.46
Greene,2021-10-01,10,34357,29.11
Greene,2021-11-01,13,34357,37.84
Greene,2021-12-01,13,34357,37.84
Greene,2022-01-01,10,34357,29.11
Greene,2022-02-01,4,34357,11.64
Greene,2022-03-01,5,34357,14.55
Greene,2022-04-01,0,34357,0.0
Greene,2022-05-01,2,34357,5.82
Greene,2022-06-01,0,34357,0.0
Greene,2022-07-01,1,34357,2.91
Greene,2022-08-01,3,34357,8.73
Greene,2022-09-01,3,34357,8.73
Greene,2022-10-01,0,34357,0.0
Greene,2022-11-01,3,34357,8.73
Greene,2022-12-01,1,34357,2.91
Greene,2023-01-01,1,34357,2.91
Greene,2023-02-01,1,34357,2.91
Greene,2023-03-01,0,34357,0.0
Greene,2023-04-01,1,34357,2.91
Greene,2023-05-01,1,34357,2.91
Greene,2023-06-01,0,34357,0.0
Greene,2023-07-01,0,34357,0.0
Greene,2023-08-01,0,34357,0.0
Greene,2023-09-01,0,34357,0.0
Greene,2023-10-01,0,34357,0.0
Greene,2023-11-01,3,34357,8.73
Greene,2023-12-01,2,34357,5.82
Greene,2024-01-01,0,34357,0.0
Greene,2024-02-01,1,34357,2.91
Greene,2024-03-01,0,34357,0.0
Huntingdon,2020-03-01,0,43514,0.0
Huntingdon,2020-04-01,0,43514,0.0
Huntingdon,2020-05-01,0,43514,0.0
Huntingdon,2020-06-01,0,43514,0.0
Huntingdon,2020-07-01,0,43514,0.0
Huntingdon,2020-08-01,0,43514,0.0
Huntingdon,2020-09-01,0,43514,0.0
Huntingdon,2020-10-01,0,43514,0.0
Huntingdon,2020-11-01,0,43514,0.0
Huntingdon,2020-12-01,0,43514,0.0
Huntingdon,2021-01-01,0,43514,0.0
Huntingdon,2021-02-01,0,43514,0.0
Huntingdon,2021-03-01,0,43514,0.0
Huntingdon,2021-04-01,0,43514,0.0
Huntingdon,2021-05-01,0,43514,0.0
Huntingdon,2021-06-01,0,43514,0.0
Huntingdon,2021-07-01,0,43514,0.0
Huntingdon,2021-08-01,0,43514,0.0
Huntingdon,2021-09-01,0,43514,0.0
Huntingdon,2021-10-01,0,43514,0.0
Huntingdon,2021-11-01,0,43514,0.0
Huntingdon,2021-12-01,0,43514,0.0
Huntingdon,2022-01-01,0,43514,0.0
Huntingdon,2022-02-01,0,43514,0.0
Huntingdon,2022-03-01,0,43514,0.0
Huntingdon,2022-04-01,0,43514,0.0
Huntingdon,2022-05-01,0,43514,0.0
Huntingdon,2022-06-01,0,43514,0.0
Huntingdon,2022-07-01,0,43514,0.0
Huntingdon,2022-08-01,0,43514,0.0
Huntingdon,2022-09-01,0,43514,0.0
Huntingdon,2022-10-01,0,43514,0.0
Huntingdon,2022-11-01,0,43514,0.0
Huntingdon,2022-12-01,0,43514,0.0
Huntingdon,2023-01-01,0,43514,0.0
Huntingdon,2023-02-01,0,43514,0.0
Huntingdon,2023-03-01,0,43514,0.0
Huntingdon,2023-04-01,0,43514,0.0
Huntingdon,2023-05-01,0,43514,0.0
Huntingdon,2023-06-01,0,43514,0.0
Huntingdon,2023-07-01,0,43514,0.0
Huntingdon,2023-08-01,2,43514,4.6
Huntingdon,2023-09-01,2,43514,4.6
Huntingdon,2023-10-01,1,43514,2.3
Huntingdon,2023-11-01,3,43514,6.89
Huntingdon,2023-12-01,0,43514,0.0
Huntingdon,2024-01-01,5,43514,11.49
Huntingdon,2024-02-01,0,43514,0.0
Huntingdon,2024-03-01,0,43514,0.0
Indiana,2020-03-01,0,83094,0.0
Indiana,2020-04-01,0,83094,0.0
Indiana,2020-05-01,0,83094,0.0
Indiana,2020-06-01,0,83094,0.0
Indiana,2020-07-01,0,83094,0.0
Indiana,2020-08-01,0,83094,0.0
Indiana,2020-09-01,0,83094,0.0
Indiana,2020-10-01,0,83094,0.0
Indiana,2020-11-01,0,83094,0.0
Indiana,2020-12-01,0,83094,0.0
Indiana,2021-01-01,0,83094,0.0
Indiana,2021-02-01,0,83094,0.0
Indiana,2021-03-01,0,83094,0.0
Indiana,2021-04-01,0,83094,0.0
Indiana,2021-05-01,0,83094,0.0
Indiana,2021-06-01,3,83094,3.61
Indiana,2021-07-01,0,83094,0.0
Indiana,2021-08-01,6,83094,7.22
Indiana,2021-09-01,20,83094,24.07
Indiana,2021-10-01,29,83094,34.9
Indiana,2021-11-01,35,83094,42.12
Indiana,2021-12-01,38,83094,45.73
Indiana,2022-01-01,22,83094,26.48
Indiana,2022-02-01,17,83094,20.46
Indiana,2022-03-01,6,83094,7.22
Indiana,2022-04-01,2,83094,2.41
Indiana,2022-05-01,5,83094,6.02
Indiana,2022-06-01,8,83094,9.63
Indiana,2022-07-01,2,83094,2.41
Indiana,2022-08-01,7,83094,8.42
Indiana,2022-09-01,3,83094,3.61
Indiana,2022-10-01,2,83094,2.41
Indiana,2022-11-01,1,83094,1.2
Indiana,2022-12-01,3,83094,3.61
Indiana,2023-01-01,4,83094,4.81
Indiana,2023-02-01,4,83094,4.81
Indiana,2023-03-01,1,83094,1.2
Indiana,2023-04-01,3,83094,3.61
Indiana,2023-05-01,2,83094,2.41
Indiana,2023-06-01,0,83094,0.0
Indiana,2023-07-01,2,83094,2.41
Indiana,2023-08-01,1,83094,1.2
Indiana,2023-09-01,1,83094,1.2
Indiana,2023-10-01,3,83094,3.61
Indiana,2023-11-01,5,83094,6.02
Indiana,2023-12-01,2,83094,2.41
Indiana,2024-01-01,4,83094,4.81
Indiana,2024-02-01,1,83094,1.2
Indiana,2024-03-01,0,83094,0.0
Jefferson,2020-03-01,0,43612,0.0
Jefferson,2020-04-01,0,43612,0.0
Jefferson,2020-05-01,0,43612,0.0
Jefferson,2020-06-01,0,43612,0.0
Jefferson,2020-07-01,0,43612,0.0
Jefferson,2020-08-01,0,43612,0.0
Jefferson,2020-09-01,0,43612,0.0
Jefferson,2020-10-01,0,43612,0.0
Jefferson,2020-11-01,0,43612,0.0
Jefferson,2020-12-01,0,43612,0.0
Jefferson,2021-01-01,0,43612,0.0
Jefferson,2021-02-01,0,43612,0.0
Jefferson,2021-03-01,0,43612,0.0
Jefferson,2021-04-01,0,43612,0.0
Jefferson,2021-05-01,0,43612,0.0
Jefferson,2021-06-01,0,43612,0.0
Jefferson,2021-07-01,0,43612,0.0
Jefferson,2021-08-01,2,43612,4.59
Jefferson,2021-09-01,8,43612,18.34
Jefferson,2021-10-01,23,43612,52.74
Jefferson,2021-11-01,29,43612,66.5
Jefferson,2021-12-01,30,43612,68.79
Jefferson,2022-01-01,23,43612,52.74
Jefferson,2022-02-01,11,43612,25.22
Jefferson,2022-03-01,7,43612,16.05
Jefferson,2022-04-01,2,43612,4.59
Jefferson,2022-05-01,4,43612,9.17
Jefferson,2022-06-01,3,43612,6.88
Jefferson,2022-07-01,1,43612,2.29
Jefferson,2022-08-01,4,43612,9.17
Jefferson,2022-09-01,1,43612,2.29
Jefferson,2022-10-01,4,43612,9.17
Jefferson,2022-11-01,2,43612,4.59
Jefferson,2022-12-01,5,43612,11.46
Jefferson,2023-01-01,2,43612,4.59
Jefferson,2023-02-01,2,43612,4.59
Jefferson,2023-03-01,3,43612,6.88
Jefferson,2023-04-01,2,43612,4.59
Jefferson,2023-05-01,0,43612,0.0
Jefferson,2023-06-01,1,43612,2.29
Jefferson,2023-07-01,1,43612,2.29
Jefferson,2023-08-01,3,43612,6.88
Jefferson,2023-09-01,2,43612,4.59
Jefferson,2023-10-01,1,43612,2.29
Jefferson,2023-11-01,6,43612,13.76
Jefferson,2023-12-01,2,43612,4.59
Jefferson,2024-01-01,4,43612,9.17
Jefferson,2024-02-01,0,43612,0.0
Jefferson,2024-03-01,0,43612,0.0
Juniata,2020-03-01,0,23243,0.0
Juniata,2020-04-01,0,23243,0.0
Juniata,2020-05-01,0,23243,0.0
Juniata,2020-06-01,0,23243,0.0
Juniata,2020-07-01,0,23243,0.0
Juniata,2020-08-01,0,23243,0.0
Juniata,2020-09-01,0,23243,0.0
Juniata,2020-10-01,0,23243,0.0
Juniata,2020-11-01,0,23243,0.0
Juniata,2020-12-01,0,23243,0.0
Juniata,2021-01-01,0,23243,0.0
Juniata,2021-02-01,0,23243,0.0
Juniata,2021-03-01,0,23243,0.0
Juniata,2021-04-01,0,23243,0.0
Juniata,2021-05-01,0,23243,0.0
Juniata,2021-06-01,1,23243,4.3
Juniata,2021-07-01,0,23243,0.0
Juniata,2021-08-01,4,23243,17.21
Juniata,2021-09-01,17,23243,73.14
Juniata,2021-10-01,8,23243,34.42
Juniata,2021-11-01,16,23243,68.84
Juniata,2021-12-01,20,23243,86.05
Juniata,2022-01-01,17,23243,73.14
Juniata,2022-02-01,5,23243,21.51
Juniata,2022-03-01,1,23243,4.3
Juniata,2022-04-01,0,23243,0.0
Juniata,2022-05-01,1,23243,4.3
Juniata,2022-06-01,1,23243,4.3
Juniata,2022-07-01,3,23243,12.91
Juniata,2022-08-01,0,23243,0.0
Juniata,2022-09-01,2,23243,8.6
Juniata,2022-10-01,3,23243,12.91
Juniata,2022-11-01,2,23243,8.6
Juniata,2022-12-01,1,23243,4.3
Juniata,2023-01-01,1,23243,4.3
Juniata,2023-02-01,1,23243,4.3
Juniata,2023-03-01,0,23243,0.0
Juniata,2023-04-01,0,23243,0.0
Juniata,2023-05-01,2,23243,8.6
Juniata,2023-06-01,0,23243,0.0
Juniata,2023-07-01,0,23243,0.0
Juniata,2023-08-01,0,23243,0.0
Juniata,2023-09-01,0,23243,0.0
Juniata,2023-10-01,0,23243,0.0
Juniata,2023-11-01,0,23243,0.0
Juniata,2023-12-01,1,23243,4.3
Juniata,2024-01-01,1,23243,4.3
Juniata,2024-02-01,2,23243,8.6
Juniata,2024-03-01,0,23243,0.0
Lackawanna,2020-03-01,0,216123,0.0
Lackawanna,2020-04-01,0,216123,0.0
Lackawanna,2020-05-01,0,216123,0.0
Lackawanna,2020-06-01,0,216123,0.0
Lackawanna,2020-07-01,0,216123,0.0
Lackawanna,2020-08-01,0,216123,0.0
Lackawanna,2020-09-01,0,216123,0.0
Lackawanna,2020-10-01,0,216123,0.0
Lackawanna,2020-11-01,0,216123,0.0
Lackawanna,2020-12-01,0,216123,0.0
Lackawanna,2021-01-01,0,216123,0.0
Lackawanna,2021-02-01,0,216123,0.0
Lackawanna,2021-03-01,0,216123,0.0
Lackawanna,2021-04-01,0,216123,0.0
Lackawanna,2021-05-01,0,216123,0.0
Lackawanna,2021-06-01,3,216123,1.39
Lackawanna,2021-07-01,4,216123,1.85
Lackawanna,2021-08-01,6,216123,2.78
Lackawanna,2021-09-01,16,216123,7.4
Lackawanna,2021-10-01,17,216123,7.87
Lackawanna,2021-11-01,40,216123,18.51
Lackawanna,2021-12-01,57,216123,26.37
Lackawanna,2022-01-01,78,216123,36.09
Lackawanna,2022-02-01,45,216123,20.82
Lackawanna,2022-03-01,17,216123,7.87
Lackawanna,2022-04-01,13,216123,6.02
Lackawanna,2022-05-01,12,216123,5.55
Lackawanna,2022-06-01,13,216123,6.02
Lackawanna,2022-07-01,8,216123,3.7
Lackawanna,2022-08-01,11,216123,5.09
Lackawanna,2022-09-01,20,216123,9.25
Lackawanna,2022-10-01,15,216123,6.94
Lackawanna,2022-11-01,11,216123,5.09
Lackawanna,2022-12-01,11,216123,5.09
Lackawanna,2023-01-01,15,216123,6.94
Lackawanna,2023-02-01,13,216123,6.02
Lackawanna,2023-03-01,15,216123,6.94
Lackawanna,2023-04-01,6,216123,2.78
Lackawanna,2023-05-01,2,216123,0.93
Lackawanna,2023-06-01,3,216123,1.39
Lackawanna,2023-07-01,1,216123,0.46
Lackawanna,2023-08-01,0,216123,0.0
Lackawanna,2023-09-01,9,216123,4.16
Lackawanna,2023-10-01,9,216123,4.16
Lackawanna,2023-11-01,6,216123,2.78
Lackawanna,2023-12-01,12,216123,5.55
Lackawanna,2024-01-01,11,216123,5.09
Lackawanna,2024-02-01,2,216123,0.93
Lackawanna,2024-03-01,3,216123,1.39
Lancaster,2020-03-01,0,558589,0.0
Lancaster,2020-04-01,0,558589,0.0
Lancaster,2020-05-01,0,558589,0.0
Lancaster,2020-06-01,0,558589,0.0
Lancaster,2020-07-01,0,558589,0.0
Lancaster,2020-08-01,0,558589,0.0
Lancaster,2020-09-01,0,558589,0.0
Lancaster,2020-10-01,0,558589,0.0
Lancaster,2020-11-01,0,558589,0.0
Lancaster,2020-12-01,0,558589,0.0
Lancaster,2021-01-01,0,558589,0.0
Lancaster,2021-02-01,0,558589,0.0
Lancaster,2021-03-01,0,558589,0.0
Lancaster,2021-04-01,0,558589,0.0
Lancaster,2021-05-01,0,558589,0.0
Lancaster,2021-06-01,9,558589,1.61
Lancaster,2021-07-01,10,558589,1.79
Lancaster,2021-08-01,24,558589,4.3
Lancaster,2021-09-01,56,558589,10.03
Lancaster,2021-10-01,99,558589,17.72
Lancaster,2021-11-01,83,558589,14.86
Lancaster,2021-12-01,151,558589,27.03
Lancaster,2022-01-01,194,558589,34.73
Lancaster,2022-02-01,76,558589,13.61
Lancaster,2022-03-01,23,558589,4.12
Lancaster,2022-04-01,9,558589,1.61
Lancaster,2022-05-01,21,558589,3.76
Lancaster,2022-06-01,22,558589,3.94
Lancaster,2022-07-01,15,558589,2.69
Lancaster,2022-08-01,10,558589,1.79
Lancaster,2022-09-01,22,558589,3.94
Lancaster,2022-10-01,16,558589,2.86
Lancaster,2022-11-01,19,558589,3.4
Lancaster,2022-12-01,27,558589,4.83
Lancaster,2023-01-01,28,558589,5.01
Lancaster,2023-02-01,19,558589,3.4
Lancaster,2023-03-01,9,558589,1.61
Lancaster,2023-04-01,10,558589,1.79
Lancaster,2023-05-01,2,558589,0.36
Lancaster,2023-06-01,4,558589,0.72
Lancaster,2023-07-01,1,558589,0.18
Lancaster,2023-08-01,4,558589,0.72
Lancaster,2023-09-01,11,558589,1.97
Lancaster,2023-10-01,7,558589,1.25
Lancaster,2023-11-01,18,558589,3.22
Lancaster,2023-12-01,24,558589,4.3
Lancaster,2024-01-01,19,558589,3.4
Lancaster,2024-02-01,16,558589,2.86
Lancaster,2024-03-01,6,558589,1.07
Lawrence,2020-03-01,0,84472,0.0
Lawrence,2020-04-01,0,84472,0.0
Lawrence,2020-05-01,0,84472,0.0
Lawrence,2020-06-01,0,84472,0.0
Lawrence,2020-07-01,0,84472,0.0
Lawrence,2020-08-01,0,84472,0.0
Lawrence,2020-09-01,0,84472,0.0
Lawrence,2020-10-01,0,84472,0.0
Lawrence,2020-11-01,0,84472,0.0
Lawrence,2020-12-01,0,84472,0.0
Lawrence,2021-01-01,0,84472,0.0
Lawrence,2021-02-01,0,84472,0.0
Lawrence,2021-03-01,0,84472,0.0
Lawrence,2021-04-01,0,84472,0.0
Lawrence,2021-05-01,0,84472,0.0
Lawrence,2021-06-01,3,84472,3.55
Lawrence,2021-07-01,4,84472,4.74
Lawrence,2021-08-01,15,84472,17.76
Lawrence,2021-09-01,13,84472,15.39
Lawrence,2021-10-01,22,84472,26.04
Lawrence,2021-11-01,42,84472,49.72
Lawrence,2021-12-01,38,84472,44.99
Lawrence,2022-01-01,36,84472,42.62
Lawrence,2022-02-01,22,84472,26.04
Lawrence,2022-03-01,4,84472,4.74
Lawrence,2022-04-01,4,84472,4.74
Lawrence,2022-05-01,3,84472,3.55
Lawrence,2022-06-01,3,84472,3.55
Lawrence,2022-07-01,3,84472,3.55
Lawrence,2022-08-01,8,84472,9.47
Lawrence,2022-09-01,2,84472,2.37
Lawrence,2022-10-01,3,84472,3.55
Lawrence,2022-11-01,4,84472,4.74
Lawrence,2022-12-01,5,84472,5.92
Lawrence,2023-01-01,8,84472,9.47
Lawrence,2023-02-01,5,84472,5.92
Lawrence,2023-03-01,5,84472,5.92
Lawrence,2023-04-01,1,84472,1.18
Lawrence,2023-05-01,2,84472,2.37
Lawrence,2023-06-01,1,84472,1.18
Lawrence,2023-07-01,0,84472,0.0
Lawrence,2023-08-01,0,84472,0.0
Lawrence,2023-09-01,7,84472,8.29
Lawrence,2023-10-01,2,84472,2.37
Lawrence,2023-11-01,5,84472,5.92
Lawrence,2023-12-01,3,84472,3.55
Lawrence,2024-01-01,7,84472,8.29
Lawrence,2024-02-01,1,84472,1.18
Lawrence,2024-03-01,1,84472,1.18
Lebanon,2020-03-01,0,144252,0.0
Lebanon,2020-04-01,0,144252,0.0
Lebanon,2020-05-01,0,144252,0.0
Lebanon,2020-06-01,0,144252,0.0
Lebanon,2020-07-01,0,144252,0.0
Lebanon,2020-08-01,0,144252,0.0
Lebanon,2020-09-01,0,144252,0.0
Lebanon,2020-10-01,0,144252,0.0
Lebanon,2020-11-01,0,144252,0.0
Lebanon,2020-12-01,0,144252,0.0
Lebanon,2021-01-01,0,144252,0.0
Lebanon,2021-02-01,0,144252,0.0
Lebanon,2021-03-01,0,144252,0.0
Lebanon,2021-04-01,0,144252,0.0
Lebanon,2021-05-01,0,144252,0.0
Lebanon,2021-06-01,3,144252,2.08
Lebanon,2021-07-01,2,144252,1.39
Lebanon,2021-08-01,8,144252,5.55
Lebanon,2021-09-01,9,144252,6.24
Lebanon,2021-10-01,27,144252,18.72
Lebanon,2021-11-01,23,144252,15.94
Lebanon,2021-12-01,45,144252,31.2
Lebanon,2022-01-01,68,144252,47.14
Lebanon,2022-02-01,27,144252,18.72
Lebanon,2022-03-01,9,144252,6.24
Lebanon,2022-04-01,3,144252,2.08
Lebanon,2022-05-01,2,144252,1.39
Lebanon,2022-06-01,5,144252,3.47
Lebanon,2022-07-01,4,144252,2.77
Lebanon,2022-08-01,4,144252,2.77
Lebanon,2022-09-01,6,144252,4.16
Lebanon,2022-10-01,4,144252,2.77
Lebanon,2022-11-01,7,144252,4.85
Lebanon,2022-12-01,12,144252,8.32
Lebanon,2023-01-01,9,144252,6.24
Lebanon,2023-02-01,3,144252,2.08
Lebanon,2023-03-01,5,144252,3.47
Lebanon,2023-04-01,1,144252,0.69
Lebanon,2023-05-01,0,144252,0.0
Lebanon,2023-06-01,0,144252,0.0
Lebanon,2023-07-01,2,144252,1.39
Lebanon,2023-08-01,2,144252,1.39
Lebanon,2023-09-01,3,144252,2.08
Lebanon,2023-10-01,1,144252,0.69
Lebanon,2023-11-01,10,144252,6.93
Lebanon,2023-12-01,5,144252,3.47
Lebanon,2024-01-01,2,144252,1.39
Lebanon,2024-02-01,1,144252,0.69
Lebanon,2024-03-01,2,144252,1.39
Lehigh,2020-03-01,0,377754,0.0
Lehigh,2020-04-01,0,377754,0.0
Lehigh,2020-05-01,0,377754,0.0
Lehigh,2020-06-01,0,377754,0.0
Lehigh,2020-07-01,0,377754,0.0
Lehigh,2020-08-01,0,377754,0.0
Lehigh,2020-09-01,0,377754,0.0
Lehigh,2020-10-01,0,377754,0.0
Lehigh,2020-11-01,0,377754,0.0
Lehigh,2020-12-01,0,377754,0.0
Lehigh,2021-01-01,0,377754,0.0
Lehigh,2021-02-01,0,377754,0.0
Lehigh,2021-03-01,0,377754,0.0
Lehigh,2021-04-01,0,377754,0.0
Lehigh,2021-05-01,0,377754,0.0
Lehigh,2021-06-01,4,377754,1.06
Lehigh,2021-07-01,8,377754,2.12
Lehigh,2021-08-01,13,377754,3.44
Lehigh,2021-09-01,29,377754,7.68
Lehigh,2021-10-01,31,377754,8.21
Lehigh,2021-11-01,34,377754,9.0
Lehigh,2021-12-01,83,377754,21.97
Lehigh,2022-01-01,126,377754,33.36
Lehigh,2022-02-01,45,377754,11.91
Lehigh,2022-03-01,4,377754,1.06
Lehigh,2022-04-01,7,377754,1.85
Lehigh,2022-05-01,16,377754,4.24
Lehigh,2022-06-01,10,377754,2.65
Lehigh,2022-07-01,10,377754,2.65
Lehigh,2022-08-01,13,377754,3.44
Lehigh,2022-09-01,3,377754,0.79
Lehigh,2022-10-01,9,377754,2.38
Lehigh,2022-11-01,19,377754,5.03
Lehigh,2022-12-01,27,377754,7.15
Lehigh,2023-01-01,25,377754,6.62
Lehigh,2023-02-01,17,377754,4.5
Lehigh,2023-03-01,12,377754,3.18
Lehigh,2023-04-01,7,377754,1.85
Lehigh,2023-05-01,4,377754,1.06
Lehigh,2023-06-01,4,377754,1.06
Lehigh,2023-07-01,2,377754,0.53
Lehigh,2023-08-01,6,377754,1.59
Lehigh,2023-09-01,4,377754,1.06
Lehigh,2023-10-01,8,377754,2.12
Lehigh,2023-11-01,9,377754,2.38
Lehigh,2023-12-01,11,377754,2.91
Lehigh,2024-01-01,16,377754,4.24
Lehigh,2024-02-01,8,377754,2.12
Lehigh,2024-03-01,5,377754,1.32
Luzerne,2020-03-01,0,327388,0.0
Luzerne,2020-04-01,0,327388,0.0
Luzerne,2020-05-01,0,327388,0.0
Luzerne,2020-06-01,0,327388,0.0
Luzerne,2020-07-01,0,327388,0.0
Luzerne,2020-08-01,0,327388,0.0
Luzerne,2020-09-01,0,327388,0.0
Luzerne,2020-10-01,0,327388,0.0
Luzerne,2020-11-01,0,327388,0.0
Luzerne,2020-12-01,0,327388,0.0
Luzerne,2021-01-01,0,327388,0.0
Luzerne,2021-02-01,0,327388,0.0
Luzerne,2021-03-01,0,327388,0.0
Luzerne,2021-04-01,0,327388,0.0
Luzerne,2021-05-01,0,327388,0.0
Luzerne,2021-06-01,7,327388,2.14
Luzerne,2021-07-01,6,327388,1.83
Luzerne,2021-08-01,17,327388,5.19
Luzerne,2021-09-01,28,327388,8.55
Luzerne,2021-10-01,63,327388,19.24
Luzerne,2021-11-01,59,327388,18.02
Luzerne,2021-12-01,110,327388,33.6
Luzerne,2022-01-01,144,327388,43.98
Luzerne,2022-02-01,69,327388,21.08
Luzerne,2022-03-01,20,327388,6.11
Luzerne,2022-04-01,13,327388,3.97
Luzerne,2022-05-01,34,327388,10.39
Luzerne,2022-06-01,22,327388,6.72
Luzerne,2022-07-01,27,327388,8.25
Luzerne,2022-08-01,10,327388,3.05
Luzerne,2022-09-01,24,327388,7.33
Luzerne,2022-10-01,27,327388,8.25
Luzerne,2022-11-01,17,327388,5.19
Luzerne,2022-12-01,21,327388,6.41
Luzerne,2023-01-01,14,327388,4.28
Luzerne,2023-02-01,21,327388,6.41
Luzerne,2023-03-01,17,327388,5.19
Luzerne,2023-04-01,7,327388,2.14
Luzerne,2023-05-01,8,327388,2.44
Luzerne,2023-06-01,5,327388,1.53
Luzerne,2023-07-01,2,327388,0.61
Luzerne,2023-08-01,12,327388,3.67
Luzerne,2023-09-01,9,327388,2.75
Luzerne,2023-10-01,15,327388,4.58
Luzerne,2023-11-01,9,327388,2.75
Luzerne,2023-12-01,20,327388,6.11
Luzerne,2024-01-01,21,327388,6.41
Luzerne,2024-02-01,13,327388,3.97
Luzerne,2024-03-01,4,327388,1.22
Lycoming,2020-03-01,0,112724,0.0
Lycoming,2020-04-01,0,112724,0.0
Lycoming,2020-05-01,0,112724,0.0
Lycoming,2020-06-01,0,112724,0.0
Lycoming,2020-07-01,0,112724,0.0
Lycoming,2020-08-01,0,112724,0.0
Lycoming,2020-09-01,0,112724,0.0
Lycoming,2020-10-01,0,112724,0.0
Lycoming,2020-11-01,0,112724,0.0
Lycoming,2020-12-01,0,112724,0.0
Lycoming,2021-01-01,0,112724,0.0
Lycoming,2021-02-01,0,112724,0.0
Lycoming,2021-03-01,0,112724,0.0
Lycoming,2021-04-01,0,112724,0.0
Lycoming,2021-05-01,0,112724,0.0
Lycoming,2021-06-01,5,112724,4.44
Lycoming,2021-07-01,3,112724,2.66
Lycoming,2021-08-01,8,112724,7.1
Lycoming,2021-09-01,20,112724,17.74
Lycoming,2021-10-01,39,112724,34.6
Lycoming,2021-11-01,42,112724,37.26
Lycoming,2021-12-01,45,112724,39.92
Lycoming,2022-01-01,43,112724,38.15
Lycoming,2022-02-01,14,112724,12.42
Lycoming,2022-03-01,4,112724,3.55
Lycoming,2022-04-01,7,112724,6.21
Lycoming,2022-05-01,9,112724,7.98
Lycoming,2022-06-01,9,112724,7.98
Lycoming,2022-07-01,8,112724,7.1
Lycoming,2022-08-01,8,112724,7.1
Lycoming,2022-09-01,10,112724,8.87
Lycoming,2022-10-01,5,112724,4.44
Lycoming,2022-11-01,7,112724,6.21
Lycoming,2022-12-01,3,112724,2.66
Lycoming,2023-01-01,6,112724,5.32
Lycoming,2023-02-01,3,112724,2.66
Lycoming,2023-03-01,5,112724,4.44
Lycoming,2023-04-01,5,112724,4.44
Lycoming,2023-05-01,0,112724,0.0
Lycoming,2023-06-01,0,112724,0.0
Lycoming,2023-07-01,0,112724,0.0
Lycoming,2023-08-01,3,112724,2.66
Lycoming,2023-09-01,2,112724,1.77
Lycoming,2023-10-01,3,112724,2.66
Lycoming,2023-11-01,3,112724,2.66
Lycoming,2023-12-01,7,112724,6.21
Lycoming,2024-01-01,8,112724,7.1
Lycoming,2024-02-01,4,112724,3.55
Lycoming,2024-03-01,1,112724,0.89
McKean,2020-03-01,0,39519,0.0
McKean,2020-04-01,0,39519,0.0
McKean,2020-05-01,1,39519,2.53
McKean,2020-06-01,0,39519,0.0
McKean,2020-07-01,0,39519,0.0
McKean,2020-08-01,1,39519,2.53
McKean,2020-09-01,0,39519,0.0
McKean,2020-10-01,0,39519,0.0
McKean,2020-11-01,3,39519,7.59
McKean,2020-12-01,29,39519,73.38
McKean,2021-01-01,26,39519,65.79
McKean,2021-02-01,4,39519,10.12
McKean,2021-03-01,2,39519,5.06
McKean,2021-04-01,3,39519,7.59
McKean,2021-05-01,4,39519,10.12
McKean,2021-06-01,3,39519,7.59
McKean,2021-07-01,0,39519,0.0
McKean,2021-08-01,1,39519,2.53
McKean,2021-09-01,5,39519,12.65
McKean,2021-10-01,16,39519,40.49
McKean,2021-11-01,12,39519,30.37
McKean,2021-12-01,9,39519,22.77
McKean,2022-01-01,14,39519,35.43
McKean,2022-02-01,7,39519,17.71
McKean,2022-03-01,0,39519,0.0
McKean,2022-04-01,2,39519,5.06
McKean,2022-05-01,2,39519,5.06
McKean,2022-06-01,6,39519,15.18
McKean,2022-07-01,2,39519,5.06
McKean,2022-08-01,3,39519,7.59
McKean,2022-09-01,2,39519,5.06
McKean,2022-10-01,4,39519,10.12
McKean,2022-11-01,5,39519,12.65
McKean,2022-12-01,3,39519,7.59
McKean,2023-01-01,3,39519,7.59
McKean,2023-02-01,3,39519,7.59
McKean,2023-03-01,2,39519,5.06
McKean,2023-04-01,3,39519,7.59
McKean,2023-05-01,0,39519,0.0
McKean,2023-06-01,1,39519,2.53
McKean,2023-07-01,3,39519,7.59
McKean,2023-08-01,0,39519,0.0
McKean,2023-09-01,0,39519,0.0
McKean,2023-10-01,1,39519,2.53
McKean,2023-11-01,0,39519,0.0
McKean,2023-12-01,2,39519,5.06
McKean,2024-01-01,3,39519,7.59
McKean,2024-02-01,3,39519,7.59
McKean,2024-03-01,2,39519,5.06
Mercer,2020-03-01,0,108503,0.0
Mercer,2020-04-01,0,108503,0.0
Mercer,2020-05-01,0,108503,0.0
Mercer,2020-06-01,0,108503,0.0
Mercer,2020-07-01,0,108503,0.0
Mercer,2020-08-01,0,108503,0.0
Mercer,2020-09-01,0,108503,0.0
Mercer,2020-10-01,0,108503,0.0
Mercer,2020-11-01,0,108503,0.0
Mercer,2020-12-01,0,108503,0.0
Mercer,2021-01-01,0,108503,0.0
Mercer,2021-02-01,0,108503,0.0
Mercer,2021-03-01,0,108503,0.0
Mercer,2021-04-01,0,108503,0.0
Mercer,2021-05-01,0,108503,0.0
Mercer,2021-06-01,4,108503,3.69
Mercer,2021-07-01,1,108503,0.92
Mercer,2021-08-01,7,108503,6.45
Mercer,2021-09-01,28,108503,25.81
Mercer,2021-10-01,48,108503,44.24
Mercer,2021-11-01,34,108503,31.34
Mercer,2021-12-01,60,108503,55.3
Mercer,2022-01-01,33,108503,30.41
Mercer,2022-02-01,14,108503,12.9
Mercer,2022-03-01,8,108503,7.37
Mercer,2022-04-01,2,108503,1.84
Mercer,2022-05-01,2,108503,1.84
Mercer,2022-06-01,5,108503,4.61
Mercer,2022-07-01,2,108503,1.84
Mercer,2022-08-01,6,108503,5.53
Mercer,2022-09-01,5,108503,4.61
Mercer,2022-10-01,5,108503,4.61
Mercer,2022-11-01,6,108503,5.53
Mercer,2022-12-01,6,108503,5.53
Mercer,2023-01-01,2,108503,1.84
Mercer,2023-02-01,3,108503,2.76
Mercer,2023-03-01,6,108503,5.53
Mercer,2023-04-01,0,108503,0.0
Mercer,2023-05-01,1,108503,0.92
Mercer,2023-06-01,0,108503,0.0
Mercer,2023-07-01,1,108503,0.92
Mercer,2023-08-01,0,108503,0.0
Mercer,2023-09-01,2,108503,1.84
Mercer,2023-10-01,3,108503,2.76
Mercer,2023-11-01,8,108503,7.37
Mercer,2023-12-01,4,108503,3.69
Mercer,2024-01-01,5,108503,4.61
Mercer,2024-02-01,1,108503,0.92
Mercer,2024-03-01,3,108503,2.76
Mifflin,2020-03-01,0,45922,0.0
Mifflin,2020-04-01,0,45922,0.0
Mifflin,2020-05-01,0,45922,0.0
Mifflin,2020-06-01,0,45922,0.0
Mifflin,2020-07-01,0,45922,0.0
Mifflin,2020-08-01,0,45922,0.0
Mifflin,2020-09-01,0,45922,0.0
Mifflin,2020-10-01,0,45922,0.0
Mifflin,2020-11-01,0,45922,0.0
Mifflin,2020-12-01,0,45922,0.0
Mifflin,2021-01-01,0,45922,0.0
Mifflin,2021-02-01,0,45922,0.0
Mifflin,2021-03-01,0,45922,0.0
Mifflin,2021-04-01,0,45922,0.0
Mifflin,2021-05-01,0,45922,0.0
Mifflin,2021-06-01,3,45922,6.53
Mifflin,2021-07-01,1,45922,2.18
Mifflin,2021-08-01,0,45922,0.0
Mifflin,2021-09-01,3,45922,6.53
Mifflin,2021-10-01,17,45922,37.02
Mifflin,2021-11-01,25,45922,54.44
Mifflin,2021-12-01,17,45922,37.02
Mifflin,2022-01-01,15,45922,32.66
Mifflin,2022-02-01,14,45922,30.49
Mifflin,2022-03-01,3,45922,6.53
Mifflin,2022-04-01,0,45922,0.0
Mifflin,2022-05-01,1,45922,2.18
Mifflin,2022-06-01,2,45922,4.36
Mifflin,2022-07-01,2,45922,4.36
Mifflin,2022-08-01,4,45922,8.71
Mifflin,2022-09-01,3,45922,6.53
Mifflin,2022-10-01,6,45922,13.07
Mifflin,2022-11-01,4,45922,8.71
Mifflin,2022-12-01,2,45922,4.36
Mifflin,2023-01-01,2,45922,4.36
Mifflin,2023-02-01,0,45922,0.0
Mifflin,2023-03-01,1,45922,2.18
Mifflin,2023-04-01,1,45922,2.18
Mifflin,2023-05-01,1,45922,2.18
Mifflin,2023-06-01,0,45922,0.0
Mifflin,2023-07-01,0,45922,0.0
Mifflin,2023-08-01,1,45922,2.18
Mifflin,2023-09-01,0,45922,0.0
Mifflin,2023-10-01,2,45922,4.36
Mifflin,2023-11-01,1,45922,2.18
Mifflin,2023-12-01,3,45922,6.53
Mifflin,2024-01-01,5,45922,10.89
Mifflin,2024-02-01,2,45922,4.36
Mifflin,2024-03-01,1,45922,2.18
Monroe,2020-03-01,0,166053,0.0
Monroe,2020-04-01,0,166053,0.0
Monroe,2020-05-01,0,166053,0.0
Monroe,2020-06-01,0,166053,0.0
Monroe,2020-07-01,0,166053,0.0
Monroe,2020-08-01,0,166053,0.0
Monroe,2020-09-01,0,166053,0.0
Monroe,2020-10-01,0,166053,0.0
Monroe,2020-11-01,0,166053,0.0
Monroe,2020-12-01,0,166053,0.0
Monroe,2021-01-01,0,166053,0.0
Monroe,2021-02-01,0,166053,0.0
Monroe,2021-03-01,0,166053,0.0
Monroe,2021-04-01,0,166053,0.0
Monroe,2021-05-01,0,166053,0.0
Monroe,2021-06-01,0,166053,0.0
Monroe,2021-07-01,0,166053,0.0
Monroe,2021-08-01,10,166053,6.02
Monroe,2021-09-01,19,166053,11.44
Monroe,2021-10-01,20,166053,12.04
Monroe,2021-11-01,21,166053,12.65
Monroe,2021-12-01,33,166053,19.87
Monroe,2022-01-01,58,166053,34.93
Monroe,2022-02-01,31,166053,18.67
Monroe,2022-03-01,6,166053,3.61
Monroe,2022-04-01,7,166053,4.22
Monroe,2022-05-01,6,166053,3.61
Monroe,2022-06-01,8,166053,4.82
Monroe,2022-07-01,5,166053,3.01
Monroe,2022-08-01,8,166053,4.82
Monroe,2022-09-01,3,166053,1.81
Monroe,2022-10-01,7,166053,4.22
Monroe,2022-11-01,7,166053,4.22
Monroe,2022-12-01,9,166053,5.42
Monroe,2023-01-01,8,166053,4.82
Monroe,2023-02-01,6,166053,3.61
Monroe,2023-03-01,2,166053,1.2
Monroe,2023-04-01,4,166053,2.41
Monroe,2023-05-01,2,166053,1.2
Monroe,2023-06-01,0,166053,0.0
Monroe,2023-07-01,0,166053,0.0
Monroe,2023-08-01,0,166053,0.0
Monroe,2023-09-01,3,166053,1.81
Monroe,2023-10-01,3,166053,1.81
Monroe,2023-11-01,1,166053,0.6
Monroe,2023-12-01,5,166053,3.01
Monroe,2024-01-01,10,166053,6.02
Monroe,2024-02-01,5,166053,3.01
Monroe,2024-03-01,3,166053,1.81
Montgomery,2020-03-01,0,868742,0.0
Montgomery,2020-04-01,0,868742,0.0
Montgomery,2020-05-01,0,868742,0.0
Montgomery,2020-06-01,0,868742,0.0
Montgomery,2020-07-01,0,868742,0.0
Montgomery,2020-08-01,0,868742,0.0
Montgomery,2020-09-01,0,868742,0.0
Montgomery,2020-10-01,0,868742,0.0
Montgomery,2020-11-01,0,868742,0.0
Montgomery,2020-12-01,0,868742,0.0
Montgomery,2021-01-01,0,868742,0.0
Montgomery,2021-02-01,0,868742,0.0
Montgomery,2021-03-01,0,868742,0.0
Montgomery,2021-04-01,0,868742,0.0
Montgomery,2021-05-01,0,868742,0.0
Montgomery,2021-06-01,8,868742,0.92
Montgomery,2021-07-01,4,868742,0.46
Montgomery,2021-08-01,18,868742,2.07
Montgomery,2021-09-01,46,868742,5.3
Montgomery,2021-10-01,52,868742,5.99
Montgomery,2021-11-01,63,868742,7.25
Montgomery,2021-12-01,102,868742,11.74
Montgomery,2022-01-01,197,868742,22.68
Montgomery,2022-02-01,76,868742,8.75
Montgomery,2022-03-01,14,868742,1.61
Montgomery,2022-04-01,12,868742,1.38
Montgomery,2022-05-01,25,868742,2.88
Montgomery,2022-06-01,29,868742,3.34
Montgomery,2022-07-01,24,868742,2.76
Montgomery,2022-08-01,26,868742,2.99
Montgomery,2022-09-01,19,868742,2.19
Montgomery,2022-10-01,33,868742,3.8
Montgomery,2022-11-01,52,868742,5.99
Montgomery,2022-12-01,33,868742,3.8
Montgomery,2023-01-01,53,868742,6.1
Montgomery,2023-02-01,28,868742,3.22
Montgomery,2023-03-01,24,868742,2.76
Montgomery,2023-04-01,8,868742,0.92
Montgomery,2023-05-01,8,868742,0.92
Montgomery,2023-06-01,10,868742,1.15
Montgomery,2023-07-01,7,868742,0.81
Montgomery,2023-08-01,9,868742,1.04
Montgomery,2023-09-01,9,868742,1.04
Montgomery,2023-10-01,26,868742,2.99
Montgomery,2023-11-01,20,868742,2.3
Montgomery,2023-12-01,13,868742,1.5
Montgomery,2024-01-01,25,868742,2.88
Montgomery,2024-02-01,13,868742,1.5
Montgomery,2024-03-01,6,868742,0.69
Montour,2020-03-01,0,17860,0.0
Montour,2020-04-01,0,17860,0.0
Montour,2020-05-01,0,17860,0.0
Montour,2020-06-01,0,17860,0.0
Montour,2020-07-01,0,17860,0.0
Montour,2020-08-01,0,17860,0.0
Montour,2020-09-01,0,17860,0.0
Montour,2020-10-01,0,17860,0.0
Montour,2020-11-01,0,17860,0.0
Montour,2020-12-01,0,17860,0.0
Montour,2021-01-01,0,17860,0.0
Montour,2021-02-01,0,17860,0.0
Montour,2021-03-01,0,17860,0.0
Montour,2021-04-01,0,17860,0.0
Montour,2021-05-01,0,17860,0.0
Montour,2021-06-01,0,17860,0.0
Montour,2021-07-01,0,17860,0.0
Montour,2021-08-01,0,17860,0.0
Montour,2021-09-01,0,17860,0.0
Montour,2021-10-01,0,17860,0.0
Montour,2021-11-01,0,17860,0.0
Montour,2021-12-01,0,17860,0.0
Montour,2022-01-01,0,17860,0.0
Montour,2022-02-01,0,17860,0.0
Montour,2022-03-01,0,17860,0.0
Montour,2022-04-01,0,17860,0.0
Montour,2022-05-01,0,17860,0.0
Montour,2022-06-01,0,17860,0.0
Montour,2022-07-01,0,17860,0.0
Montour,2022-08-01,0,17860,0.0
Montour,2022-09-01,0,17860,0.0
Montour,2022-10-01,0,17860,0.0
Montour,2022-11-01,0,17860,0.0
Montour,2022-12-01,0,17860,0.0
Montour,2023-01-01,0,17860,0.0
Montour,2023-02-01,0,17860,0.0
Montour,2023-03-01,0,17860,0.0
Montour,2023-04-01,0,17860,0.0
Montour,2023-05-01,0,17860,0.0
Montour,2023-06-01,0,17860,0.0
Montour,2023-07-01,0,17860,0.0
Montour,2023-08-01,0,17860,0.0
Montour,2023-09-01,2,17860,11.2
Montour,2023-10-01,0,17860,0.0
Montour,2023-11-01,2,17860,11.2
Montour,2023-12-01,2,17860,11.2
Montour,2024-01-01,3,17860,16.8
Montour,2024-02-01,0,17860,0.0
Montour,2024-03-01,0,17860,0.0
Northampton,2020-03-01,0,319091,0.0
Northampton,2020-04-01,0,319091,0.0
Northampton,2020-05-01,0,319091,0.0
Northampton,2020-06-01,0,319091,0.0
Northampton,2020-07-01,0,319091,0.0
Northampton,2020-08-01,0,319091,0.0
Northampton,2020-09-01,0,319091,0.0
Northampton,2020-10-01,0,319091,0.0
Northampton,2020-11-01,0,319091,0.0
Northampton,2020-12-01,0,319091,0.0
Northampton,2021-01-01,0,319091,0.0
Northampton,2021-02-01,0,319091,0.0
Northampton,2021-03-01,0,319091,0.0
Northampton,2021-04-01,0,319091,0.0
Northampton,2021-05-01,0,319091,0.0
Northampton,2021-06-01,3,319091,0.94
Northampton,2021-07-01,4,319091,1.25
Northampton,2021-08-01,18,319091,5.64
Northampton,2021-09-01,27,319091,8.46
Northampton,2021-10-01,27,319091,8.46
Northampton,2021-11-01,30,319091,9.4
Northampton,2021-12-01,73,319091,22.88
Northampton,2022-01-01,130,319091,40.74
Northampton,2022-02-01,44,319091,13.79
Northampton,2022-03-01,10,319091,3.13
Northampton,2022-04-01,8,319091,2.51
Northampton,2022-05-01,19,319091,5.95
Northampton,2022-06-01,11,319091,3.45
Northampton,2022-07-01,15,319091,4.7
Northampton,2022-08-01,16,319091,5.01
Northampton,2022-09-01,9,319091,2.82
Northampton,2022-10-01,12,319091,3.76
Northampton,2022-11-01,9,319091,2.82
Northampton,2022-12-01,18,319091,5.64
Northampton,2023-01-01,35,319091,10.97
Northampton,2023-02-01,9,319091,2.82
Northampton,2023-03-01,11,319091,3.45
Northampton,2023-04-01,9,319091,2.82
Northampton,2023-05-01,1,319091,0.31
Northampton,2023-06-01,0,319091,0.0
Northampton,2023-07-01,1,319091,0.31
Northampton,2023-08-01,3,319091,0.94
Northampton,2023-09-01,4,319091,1.25
Northampton,2023-10-01,8,319091,2.51
Northampton,2023-11-01,6,319091,1.88
Northampton,2023-12-01,8,319091,2.51
Northampton,2024-01-01,20,319091,6.27
Northampton,2024-02-01,9,319091,2.82
Northampton,2024-03-01,6,319091,1.88
Northumberland,2020-03-01,0,90120,0.0
Northumberland,2020-04-01,0,90120,0.0
Northumberland,2020-05-01,0,90120,0.0
Northumberland,2020-06-01,0,90120,0.0
Northumberland,2020-07-01,0,90120,0.0
Northumberland,2020-08-01,0,90120,0.0
Northumberland,2020-09-01,0,90120,0.0
Northumberland,2020-10-01,0,90120,0.0
Northumberland,2020-11-01,0,90120,0.0
Northumberland,2020-12-01,0,90120,0.0
Northumberland,2021-01-01,0,90120,0.0
Northumberland,2021-02-01,0,90120,0.0
Northumberland,2021-03-01,0,90120,0.0
Northumberland,2021-04-01,0,90120,0.0
Northumberland,2021-05-01,0,90120,0.0
Northumberland,2021-06-01,6,90120,6.66
Northumberland,2021-07-01,4,90120,4.44
Northumberland,2021-08-01,5,90120,5.55
Northumberland,2021-09-01,23,90120,25.52
Northumberland,2021-10-01,16,90120,17.75
Northumberland,2021-11-01,28,90120,31.07
Northumberland,2021-12-01,46,90120,51.04
Northumberland,2022-01-01,18,90120,19.97
Northumberland,2022-02-01,25,90120,27.74
Northumberland,2022-03-01,4,90120,4.44
Northumberland,2022-04-01,1,90120,1.11
Northumberland,2022-05-01,6,90120,6.66
Northumberland,2022-06-01,5,90120,5.55
Northumberland,2022-07-01,4,90120,4.44
Northumberland,2022-08-01,6,90120,6.66
Northumberland,2022-09-01,4,90120,4.44
Northumberland,2022-10-01,5,90120,5.55
Northumberland,2022-11-01,3,90120,3.33
Northumberland,2022-12-01,7,90120,7.77
Northumberland,2023-01-01,8,90120,8.88
Northumberland,2023-02-01,6,90120,6.66
Northumberland,2023-03-01,3,90120,3.33
Northumberland,2023-04-01,7,90120,7.77
Northumberland,2023-05-01,1,90120,1.11
Northumberland,2023-06-01,1,90120,1.11
Northumberland,2023-07-01,0,90120,0.0
Northumberland,2023-08-01,1,90120,1.11
Northumberland,2023-09-01,3,90120,3.33
Northumberland,2023-10-01,3,90120,3.33
Northumberland,2023-11-01,4,90120,4.44
Northumberland,2023-12-01,3,90120,3.33
Northumberland,2024-01-01,2,90120,2.22
Northumberland,2024-02-01,3,90120,3.33
Northumberland,2024-03-01,1,90120,1.11
Perry,2020-03-01,0,46083,0.0
Perry,2020-04-01,0,46083,0.0
Perry,2020-05-01,0,46083,0.0
Perry,2020-06-01,0,46083,0.0
Perry,2020-07-01,0,46083,0.0
Perry,2020-08-01,0,46083,0.0
Perry,2020-09-01,0,46083,0.0
Perry,2020-10-01,0,46083,0.0
Perry,2020-11-01,0,46083,0.0
Perry,2020-12-01,0,46083,0.0
Perry,2021-01-01,0,46083,0.0
Perry,2021-02-01,0,46083,0.0
Perry,2021-03-01,0,46083,0.0
Perry,2021-04-01,0,46083,0.0
Perry,2021-05-01,0,46083,0.0
Perry,2021-06-01,1,46083,2.17
Perry,2021-07-01,0,46083,0.0
Perry,2021-08-01,2,46083,4.34
Perry,2021-09-01,9,46083,19.53
Perry,2021-10-01,14,46083,30.38
Perry,2021-11-01,10,46083,21.7
Perry,2021-12-01,21,46083,45.57
Perry,2022-01-01,20,46083,43.4
Perry,2022-02-01,7,46083,15.19
Perry,2022-03-01,1,46083,2.17
Perry,2022-04-01,1,46083,2.17
Perry,2022-05-01,3,46083,6.51
Perry,2022-06-01,1,46083,2.17
Perry,2022-07-01,1,46083,2.17
Perry,2022-08-01,0,46083,0.0
Perry,2022-09-01,1,46083,2.17
Perry,2022-10-01,2,46083,4.34
Perry,2022-11-01,1,46083,2.17
Perry,2022-12-01,1,46083,2.17
Perry,2023-01-01,1,46083,2.17
Perry,2023-02-01,2,46083,4.34
Perry,2023-03-01,1,46083,2.17
Perry,2023-04-01,0,46083,0.0
Perry,2023-05-01,0,46083,0.0
Perry,2023-06-01,0,46083,0.0
Perry,2023-07-01,0,46083,0.0
Perry,2023-08-01,0,46083,0.0
Perry,2023-09-01,1,46083,2.17
Perry,2023-10-01,1,46083,2.17
Perry,2023-11-01,0,46083,0.0
Perry,2023-12-01,1,46083,2.17
Perry,2024-01-01,3,46083,6.51
Perry,2024-02-01,1,46083,2.17
Perry,2024-03-01,0,46083,0.0
Philadelphia,2020-03-01,0,1550542,0.0
Philadelphia,2020-04-01,0,1550542,0.0
Philadelphia,2020-05-01,0,1550542,0.0
Philadelphia,2020-06-01,0,1550542,0.0
Philadelphia,2020-07-01,31,1550542,2.0
Philadelphia,2020-08-01,60,1550542,3.87
Philadelphia,2020-09-01,48,1550542,3.1
Philadelphia,2020-10-01,61,1550542,3.93
Philadelphia,2020-11-01,229,1550542,14.77
Philadelphia,2020-12-01,512,1550542,33.02
Philadelphia,2021-01-01,363,1550542,23.41
Philadelphia,2021-02-01,198,1550542,12.77
Philadelphia,2021-03-01,132,1550542,8.51
Philadelphia,2021-04-01,232,1550542,14.96
Philadelphia,2021-05-01,169,1550542,10.9
Philadelphia,2021-06-01,49,1550542,3.16
Philadelphia,2021-07-01,21,1550542,1.35
Philadelphia,2021-08-01,55,1550542,3.55
Philadelphia,2021-09-01,87,1550542,5.61
Philadelphia,2021-10-01,102,1550542,6.58
Philadelphia,2021-11-01,95,1550542,6.13
Philadelphia,2021-12-01,202,1550542,13.03
Philadelphia,2022-01-01,557,1550542,35.92
Philadelphia,2022-02-01,157,1550542,10.13
Philadelphia,2022-03-01,37,1550542,2.39
Philadelphia,2022-04-01,22,1550542,1.42
Philadelphia,2022-05-01,25,1550542,1.61
Philadelphia,2022-06-01,37,1550542,2.39
Philadelphia,2022-07-01,39,1550542,2.52
Philadelphia,2022-08-01,45,1550542,2.9
Philadelphia,2022-09-01,38,1550542,2.45
Philadelphia,2022-10-01,36,1550542,2.32
Philadelphia,2022-11-01,53,1550542,3.42
Philadelphia,2022-12-01,43,1550542,2.77
Philadelphia,2023-01-01,62,1550542,4.0
Philadelphia,2023-02-01,46,1550542,2.97
Philadelphia,2023-03-01,37,1550542,2.39
Philadelphia,2023-04-01,15,1550542,0.97
Philadelphia,2023-05-01,8,1550542,0.52
Philadelphia,2023-06-01,6,1550542,0.39
Philadelphia,2023-07-01,5,1550542,0.32
Philadelphia,2023-08-01,10,1550542,0.64
Philadelphia,2023-09-01,10,1550542,0.64
Philadelphia,2023-10-01,16,1550542,1.03
Philadelphia,2023-11-01,21,1550542,1.35
Philadelphia,2023-12-01,25,1550542,1.61
Philadelphia,2024-01-01,28,1550542,1.81
Philadelphia,2024-02-01,22,1550542,1.42
Philadelphia,2024-03-01,6,1550542,0.39
Pike,2020-03-01,0,61247,0.0
Pike,2020-04-01,0,61247,0.0
Pike,2020-05-01,0,61247,0.0
Pike,2020-06-01,0,61247,0.0
Pike,2020-07-01,0,61247,0.0
Pike,2020-08-01,0,61247,0.0
Pike,2020-09-01,0,61247,0.0
Pike,2020-10-01,0,61247,0.0
Pike,2020-11-01,0,61247,0.0
Pike,2020-12-01,0,61247,0.0
Pike,2021-01-01,0,61247,0.0
Pike,2021-02-01,0,61247,0.0
Pike,2021-03-01,0,61247,0.0
Pike,2021-04-01,0,61247,0.0
Pike,2021-05-01,0,61247,0.0
Pike,2021-06-01,0,61247,0.0
Pike,2021-07-01,0,61247,0.0
Pike,2021-08-01,2,61247,3.27
Pike,2021-09-01,2,61247,3.27
Pike,2021-10-01,5,61247,8.16
Pike,2021-11-01,7,61247,11.43
Pike,2021-12-01,5,61247,8.16
Pike,2022-01-01,15,61247,24.49
Pike,2022-02-01,4,61247,6.53
Pike,2022-03-01,1,61247,1.63
Pike,2022-04-01,1,61247,1.63
Pike,2022-05-01,3,61247,4.9
Pike,2022-06-01,2,61247,3.27
Pike,2022-07-01,2,61247,3.27
Pike,2022-08-01,1,61247,1.63
Pike,2022-09-01,2,61247,3.27
Pike,2022-10-01,1,61247,1.63
Pike,2022-11-01,1,61247,1.63
Pike,2022-12-01,2,61247,3.27
Pike,2023-01-01,1,61247,1.63
Pike,2023-02-01,1,61247,1.63
Pike,2023-03-01,2,61247,3.27
Pike,2023-04-01,0,61247,0.0
Pike,2023-05-01,0,61247,0.0
Pike,2023-06-01,0,61247,0.0
Pike,2023-07-01,0,61247,0.0
Pike,2023-08-01,0,61247,0.0
Pike,2023-09-01,1,61247,1.63
Pike,2023-10-01,1,61247,1.63
Pike,2023-11-01,0,61247,0.0
Pike,2023-12-01,1,61247,1.63
Pike,2024-01-01,2,61247,3.27
Pike,2024-02-01,1,61247,1.63
Pike,2024-03-01,0,61247,0.0
Potter,2020-03-01,0,15999,0.0
Potter,2020-04-01,0,15999,0.0
Potter,2020-05-01,0,15999,0.0
Potter,2020-06-01,0,15999,0.0
Potter,2020-07-01,0,15999,0.0
Potter,2020-08-01,0,15999,0.0
Potter,2020-09-01,0,15999,0.0
Potter,2020-10-01,0,15999,0.0
Potter,2020-11-01,0,15999,0.0
Potter,2020-12-01,0,15999,0.0
Potter,2021-01-01,0,15999,0.0
Potter,2021-02-01,0,15999,0.0
Potter,2021-03-01,0,15999,0.0
Potter,2021-04-01,0,15999,0.0
Potter,2021-05-01,0,15999,0.0
Potter,2021-06-01,0,15999,0.0
Potter,2021-07-01,0,15999,0.0
Potter,2021-08-01,1,15999,6.25
Potter,2021-09-01,4,15999,25.0
Potter,2021-10-01,19,15999,118.76
Potter,2021-11-01,17,15999,106.26
Potter,2021-12-01,14,15999,87.51
Potter,2022-01-01,9,15999,56.25
Potter,2022-02-01,3,15999,18.75
Potter,2022-03-01,0,15999,0.0
Potter,2022-04-01,0,15999,0.0
Potter,2022-05-01,1,15999,6.25
Potter,2022-06-01,1,15999,6.25
Potter,2022-07-01,1,15999,6.25
Potter,2022-08-01,0,15999,0.0
Potter,2022-09-01,2,15999,12.5
Potter,2022-10-01,3,15999,18.75
Potter,2022-11-01,0,15999,0.0
Potter,2022-12-01,0,15999,0.0
Potter,2023-01-01,2,15999,12.5
Potter,2023-02-01,2,15999,12.5
Potter,2023-03-01,0,15999,0.0
Potter,2023-04-01,1,15999,6.25
Potter,2023-05-01,0,15999,0.0
Potter,2023-06-01,0,15999,0.0
Potter,2023-07-01,0,15999,0.0
Potter,2023-08-01,0,15999,0.0
Potter,2023-09-01,1,15999,6.25
Potter,2023-10-01,1,15999,6.25
Potter,2023-11-01,1,15999,6.25
Potter,2023-12-01,2,15999,12.5
Potter,2024-01-01,3,15999,18.75
Potter,2024-02-01,1,15999,6.25
Potter,2024-03-01,0,15999,0.0
Schuylkill,2020-03-01,0,143786,0.0
Schuylkill,2020-04-01,0,143786,0.0
Schuylkill,2020-05-01,0,143786,0.0
Schuylkill,2020-06-01,0,143786,0.0
Schuylkill,2020-07-01,0,143786,0.0
Schuylkill,2020-08-01,0,143786,0.0
Schuylkill,2020-09-01,0,143786,0.0
Schuylkill,2020-10-01,0,143786,0.0
Schuylkill,2020-11-01,0,143786,0.0
Schuylkill,2020-12-01,0,143786,0.0
Schuylkill,2021-01-01,0,143786,0.0
Schuylkill,2021-02-01,0,143786,0.0
Schuylkill,2021-03-01,0,143786,0.0
Schuylkill,2021-04-01,0,143786,0.0
Schuylkill,2021-05-01,0,143786,0.0
Schuylkill,2021-06-01,4,143786,2.78
Schuylkill,2021-07-01,2,143786,1.39
Schuylkill,2021-08-01,9,143786,6.26
Schuylkill,2021-09-01,18,143786,12.52
Schuylkill,2021-10-01,38,143786,26.43
Schuylkill,2021-11-01,34,143786,23.65
Schuylkill,2021-12-01,52,143786,36.16
Schuylkill,2022-01-01,72,143786,50.07
Schuylkill,2022-02-01,24,143786,16.69
Schuylkill,2022-03-01,13,143786,9.04
Schuylkill,2022-04-01,0,143786,0.0
Schuylkill,2022-05-01,11,143786,7.65
Schuylkill,2022-06-01,8,143786,5.56
Schuylkill,2022-07-01,4,143786,2.78
Schuylkill,2022-08-01,9,143786,6.26
Schuylkill,2022-09-01,10,143786,6.95
Schuylkill,2022-10-01,3,143786,2.09
Schuylkill,2022-11-01,16,143786,11.13
Schuylkill,2022-12-01,10,143786,6.95
Schuylkill,2023-01-01,11,143786,7.65
Schuylkill,2023-02-01,3,143786,2.09
Schuylkill,2023-03-01,5,143786,3.48
Schuylkill,2023-04-01,4,143786,2.78
Schuylkill,2023-05-01,1,143786,0.7
Schuylkill,2023-06-01,3,143786,2.09
Schuylkill,2023-07-01,0,143786,0.0
Schuylkill,2023-08-01,2,143786,1.39
Schuylkill,2023-09-01,4,143786,2.78
Schuylkill,2023-10-01,6,143786,4.17
Schuylkill,2023-11-01,3,143786,2.09
Schuylkill,2023-12-01,10,143786,6.95
Schuylkill,2024-01-01,9,143786,6.26
Schuylkill,2024-02-01,0,143786,0.0
Schuylkill,2024-03-01,3,143786,2.09
Snyder,2020-03-01,0,39717,0.0
Snyder,2020-04-01,0,39717,0.0
Snyder,2020-05-01,0,39717,0.0
Snyder,2020-06-01,0,39717,0.0
Snyder,2020-07-01,0,39717,0.0
Snyder,2020-08-01,0,39717,0.0
Snyder,2020-09-01,0,39717,0.0
Snyder,2020-10-01,0,39717,0.0
Snyder,2020-11-01,0,39717,0.0
Snyder,2020-12-01,0,39717,0.0
Snyder,2021-01-01,0,39717,0.0
Snyder,2021-02-01,0,39717,0.0
Snyder,2021-03-01,0,39717,0.0
Snyder,2021-04-01,0,39717,0.0
Snyder,2021-05-01,0,39717,0.0
Snyder,2021-06-01,0,39717,0.0
Snyder,2021-07-01,0,39717,0.0
Snyder,2021-08-01,2,39717,5.04
Snyder,2021-09-01,6,39717,15.11
Snyder,2021-10-01,10,39717,25.18
Snyder,2021-11-01,11,39717,27.7
Snyder,2021-12-01,19,39717,47.84
Snyder,2022-01-01,14,39717,35.25
Snyder,2022-02-01,5,39717,12.59
Snyder,2022-03-01,3,39717,7.55
Snyder,2022-04-01,1,39717,2.52
Snyder,2022-05-01,0,39717,0.0
Snyder,2022-06-01,2,39717,5.04
Snyder,2022-07-01,1,39717,2.52
Snyder,2022-08-01,3,39717,7.55
Snyder,2022-09-01,1,39717,2.52
Snyder,2022-10-01,0,39717,0.0
Snyder,2022-11-01,2,39717,5.04
Snyder,2022-12-01,1,39717,2.52
Snyder,2023-01-01,1,39717,2.52
Snyder,2023-02-01,0,39717,0.0
Snyder,2023-03-01,0,39717,0.0
Snyder,2023-04-01,1,39717,2.52
Snyder,2023-05-01,1,39717,2.52
Snyder,2023-06-01,1,39717,2.52
Snyder,2023-07-01,0,39717,0.0
Snyder,2023-08-01,0,39717,0.0
Snyder,2023-09-01,0,39717,0.0
Snyder,2023-10-01,2,39717,5.04
Snyder,2023-11-01,0,39717,0.0
Snyder,2023-12-01,1,39717,2.52
Snyder,2024-01-01,1,39717,2.52
Snyder,2024-02-01,0,39717,0.0
Snyder,2024-03-01,0,39717,0.0
Somerset,2020-03-01,0,72197,0.0
Somerset,2020-04-01,0,72197,0.0
Somerset,2020-05-01,0,72197,0.0
Somerset,2020-06-01,0,72197,0.0
Somerset,2020-07-01,0,72197,0.0
Somerset,2020-08-01,0,72197,0.0
Somerset,2020-09-01,0,72197,0.0
Somerset,2020-10-01,0,72197,0.0
Somerset,2020-11-01,0,72197,0.0
Somerset,2020-12-01,0,72197,0.0
Somerset,2021-01-01,0,72197,0.0
Somerset,2021-02-01,0,72197,0.0
Somerset,2021-03-01,0,72197,0.0
Somerset,2021-04-01,0,72197,0.0
Somerset,2021-05-01,0,72197,0.0
Somerset,2021-06-01,3,72197,4.16
Somerset,2021-07-01,1,72197,1.39
Somerset,2021-08-01,1,72197,1.39
Somerset,2021-09-01,11,72197,15.24
Somerset,2021-10-01,30,72197,41.55
Somerset,2021-11-01,23,72197,31.86
Somerset,2021-12-01,59,72197,81.72
Somerset,2022-01-01,40,72197,55.4
Somerset,2022-02-01,15,72197,20.78
Somerset,2022-03-01,6,72197,8.31
Somerset,2022-04-01,4,72197,5.54
Somerset,2022-05-01,0,72197,0.0
Somerset,2022-06-01,4,72197,5.54
Somerset,2022-07-01,1,72197,1.39
Somerset,2022-08-01,4,72197,5.54
Somerset,2022-09-01,5,72197,6.93
Somerset,2022-10-01,5,72197,6.93
Somerset,2022-11-01,2,72197,2.77
Somerset,2022-12-01,4,72197,5.54
Somerset,2023-01-01,7,72197,9.7
Somerset,2023-02-01,2,72197,2.77
Somerset,2023-03-01,3,72197,4.16
Somerset,2023-04-01,1,72197,1.39
Somerset,2023-05-01,1,72197,1.39
Somerset,2023-06-01,0,72197,0.0
Somerset,2023-07-01,1,72197,1.39
Somerset,2023-08-01,1,72197,1.39
Somerset,2023-09-01,1,72197,1.39
Somerset,2023-10-01,5,72197,6.93
Somerset,2023-11-01,10,72197,13.85
Somerset,2023-12-01,5,72197,6.93
Somerset,2024-01-01,2,72197,2.77
Somerset,2024-02-01,2,72197,2.77
Somerset,2024-03-01,0,72197,0.0
Sullivan,2020-03-01,0,5834,0.0
Sullivan,2020-04-01,0,5834,0.0
Sullivan,2020-05-01,0,5834,0.0
Sullivan,2020-06-01,0,5834,0.0
Sullivan,2020-07-01,0,5834,0.0
Sullivan,2020-08-01,0,5834,0.0
Sullivan,2020-09-01,0,5834,0.0
Sullivan,2020-10-01,0,5834,0.0
Sullivan,2020-11-01,0,5834,0.0
Sullivan,2020-12-01,0,5834,0.0
Sullivan,2021-01-01,0,5834,0.0
Sullivan,2021-02-01,0,5834,0.0
Sullivan,2021-03-01,0,5834,0.0
Sullivan,2021-04-01,0,5834,0.0
Sullivan,2021-05-01,0,5834,0.0
Sullivan,2021-06-01,1,5834,17.14
Sullivan,2021-07-01,0,5834,0.0
Sullivan,2021-08-01,1,5834,17.14
Sullivan,2021-09-01,2,5834,34.28
Sullivan,2021-10-01,0,5834,0.0
Sullivan,2021-11-01,0,5834,0.0
Sullivan,2021-12-01,7,5834,119.99
Sullivan,2022-01-01,2,5834,34.28
Sullivan,2022-02-01,3,5834,51.42
Sullivan,2022-03-01,0,5834,0.0
Sullivan,2022-04-01,0,5834,0.0
Sullivan,2022-05-01,0,5834,0.0
Sullivan,2022-06-01,0,5834,0.0
Sullivan,2022-07-01,0,5834,0.0
Sullivan,2022-08-01,0,5834,0.0
Sullivan,2022-09-01,0,5834,0.0
Sullivan,2022-10-01,1,5834,17.14
Sullivan,2022-11-01,1,5834,17.14
Sullivan,2022-12-01,0,5834,0.0
Sullivan,2023-01-01,0,5834,0.0
Sullivan,2023-02-01,0,5834,0.0
Sullivan,2023-03-01,0,5834,0.0
Sullivan,2023-04-01,0,5834,0.0
Sullivan,2023-05-01,0,5834,0.0
Sullivan,2023-06-01,0,5834,0.0
Sullivan,2023-07-01,0,5834,0.0
Sullivan,2023-08-01,0,5834,0.0
Sullivan,2023-09-01,0,5834,0.0
Sullivan,2023-10-01,0,5834,0.0
Sullivan,2023-11-01,0,5834,0.0
Sullivan,2023-12-01,0,5834,0.0
Sullivan,2024-01-01,0,5834,0.0
Sullivan,2024-02-01,0,5834,0.0
Sullivan,2024-03-01,0,5834,0.0
Susquehanna,2020-03-01,0,38109,0.0
Susquehanna,2020-04-01,0,38109,0.0
Susquehanna,2020-05-01,0,38109,0.0
Susquehanna,2020-06-01,0,38109,0.0
Susquehanna,2020-07-01,0,38109,0.0
Susquehanna,2020-08-01,0,38109,0.0
Susquehanna,2020-09-01,0,38109,0.0
Susquehanna,2020-10-01,0,38109,0.0
Susquehanna,2020-11-01,0,38109,0.0
Susquehanna,2020-12-01,0,38109,0.0
Susquehanna,2021-01-01,0,38109,0.0
Susquehanna,2021-02-01,0,38109,0.0
Susquehanna,2021-03-01,0,38109,0.0
Susquehanna,2021-04-01,0,38109,0.0
Susquehanna,2021-05-01,0,38109,0.0
Susquehanna,2021-06-01,0,38109,0.0
Susquehanna,2021-07-01,0,38109,0.0
Susquehanna,2021-08-01,0,38109,0.0
Susquehanna,2021-09-01,0,38109,0.0
Susquehanna,2021-10-01,0,38109,0.0
Susquehanna,2021-11-01,0,38109,0.0
Susquehanna,2021-12-01,0,38109,0.0
Susquehanna,2022-01-01,0,38109,0.0
Susquehanna,2022-02-01,0,38109,0.0
Susquehanna,2022-03-01,0,38109,0.0
Susquehanna,2022-04-01,0,38109,0.0
Susquehanna,2022-05-01,0,38109,0.0
Susquehanna,2022-06-01,0,38109,0.0
Susquehanna,2022-07-01,0,38109,0.0
Susquehanna,2022-08-01,0,38109,0.0
Susquehanna,2022-09-01,0,38109,0.0
Susquehanna,2022-10-01,0,38109,0.0
Susquehanna,2022-11-01,0,38109,0.0
Susquehanna,2022-12-01,0,38109,0.0
Susquehanna,2023-01-01,0,38109,0.0
Susquehanna,2023-02-01,0,38109,0.0
Susquehanna,2023-03-01,0,38109,0.0
Susquehanna,2023-04-01,0,38109,0.0
Susquehanna,2023-05-01,0,38109,0.0
Susquehanna,2023-06-01,0,38109,0.0
Susquehanna,2023-07-01,0,38109,0.0
Susquehanna,2023-08-01,1,38109,2.62
Susquehanna,2023-09-01,3,38109,7.87
Susquehanna,2023-10-01,0,38109,0.0
Susquehanna,2023-11-01,1,38109,2.62
Susquehanna,2023-12-01,1,38109,2.62
Susquehanna,2024-01-01,3,38109,7.87
Susquehanna,2024-02-01,2,38109,5.25
Susquehanna,2024-03-01,0,38109,0.0
Tioga,2020-03-01,0,40840,0.0
Tioga,2020-04-01,0,40840,0.0
Tioga,2020-05-01,0,40840,0.0
Tioga,2020-06-01,0,40840,0.0
Tioga,2020-07-01,0,40840,0.0
Tioga,2020-08-01,0,40840,0.0
Tioga,2020-09-01,0,40840,0.0
Tioga,2020-10-01,0,40840,0.0
Tioga,2020-11-01,0,40840,0.0
Tioga,2020-12-01,0,40840,0.0
Tioga,2021-01-01,0,40840,0.0
Tioga,2021-02-01,0,40840,0.0
Tioga,2021-03-01,0,40840,0.0
Tioga,2021-04-01,0,40840,0.0
Tioga,2021-05-01,0,40840,0.0
Tioga,2021-06-01,3,40840,7.35
Tioga,2021-07-01,1,40840,2.45
Tioga,2021-08-01,1,40840,2.45
Tioga,2021-09-01,6,40840,14.69
Tioga,2021-10-01,12,40840,29.38
Tioga,2021-11-01,21,40840,51.42
Tioga,2021-12-01,18,40840,44.07
Tioga,2022-01-01,14,40840,34.28
Tioga,2022-02-01,4,40840,9.79
Tioga,2022-03-01,2,40840,4.9
Tioga,2022-04-01,1,40840,2.45
Tioga,2022-05-01,2,40840,4.9
Tioga,2022-06-01,5,40840,12.24
Tioga,2022-07-01,0,40840,0.0
Tioga,2022-08-01,0,40840,0.0
Tioga,2022-09-01,4,40840,9.79
Tioga,2022-10-01,4,40840,9.79
Tioga,2022-11-01,5,40840,12.24
Tioga,2022-12-01,2,40840,4.9
Tioga,2023-01-01,5,40840,12.24
Tioga,2023-02-01,2,40840,4.9
Tioga,2023-03-01,6,40840,14.69
Tioga,2023-04-01,2,40840,4.9
Tioga,2023-05-01,1,40840,2.45
Tioga,2023-06-01,0,40840,0.0
Tioga,2023-07-01,0,40840,0.0
Tioga,2023-08-01,1,40840,2.45
Tioga,2023-09-01,5,40840,12.24
Tioga,2023-10-01,1,40840,2.45
Tioga,2023-11-01,0,40840,0.0
Tioga,2023-12-01,0,40840,0.0
Tioga,2024-01-01,7,40840,17.14
Tioga,2024-02-01,2,40840,4.9
Tioga,2024-03-01,1,40840,2.45
Union,2020-03-01,0,42042,0.0
Union,2020-04-01,0,42042,0.0
Union,2020-05-01,0,42042,0.0
Union,2020-06-01,0,42042,0.0
Union,2020-07-01,0,42042,0.0
Union,2020-08-01,0,42042,0.0
Union,2020-09-01,0,42042,0.0
Union,2020-10-01,0,42042,0.0
Union,2020-11-01,0,42042,0.0
Union,2020-12-01,0,42042,0.0
Union,2021-01-01,0,42042,0.0
Union,2021-02-01,0,42042,0.0
Union,2021-03-01,0,42042,0.0
Union,2021-04-01,0,42042,0.0
Union,2021-05-01,0,42042,0.0
Union,2021-06-01,0,42042,0.0
Union,2021-07-01,0,42042,0.0
Union,2021-08-01,0,42042,0.0
Union,2021-09-01,0,42042,0.0
Union,2021-10-01,0,42042,0.0
Union,2021-11-01,0,42042,0.0
Union,2021-12-01,0,42042,0.0
Union,2022-01-01,0,42042,0.0
Union,2022-02-01,0,42042,0.0
Union,2022-03-01,0,42042,0.0
Union,2022-04-01,0,42042,0.0
Union,2022-05-01,0,42042,0.0
Union,2022-06-01,0,42042,0.0
Union,2022-07-01,0,42042,0.0
Union,2022-08-01,0,42042,0.0
Union,2022-09-01,0,42042,0.0
Union,2022-10-01,0,42042,0.0
Union,2022-11-01,0,42042,0.0
Union,2022-12-01,0,42042,0.0
Union,2023-01-01,0,42042,0.0
Union,2023-02-01,0,42042,0.0
Union,2023-03-01,0,42042,0.0
Union,2023-04-01,0,42042,0.0
Union,2023-05-01,0,42042,0.0
Union,2023-06-01,0,42042,0.0
Union,2023-07-01,1,42042,2.38
Union,2023-08-01,1,42042,2.38
Union,2023-09-01,1,42042,2.38
Union,2023-10-01,0,42042,0.0
Union,2023-11-01,0,42042,0.0
Union,2023-12-01,1,42042,2.38
Union,2024-01-01,2,42042,4.76
Union,2024-02-01,2,42042,4.76
Union,2024-03-01,0,42042,0.0
Venango,2020-03-01,0,49431,0.0
Venango,2020-04-01,0,49431,0.0
Venango,2020-05-01,0,49431,0.0
Venango,2020-06-01,0,49431,0.0
Venango,2020-07-01,0,49431,0.0
Venango,2020-08-01,0,49431,0.0
Venango,2020-09-01,0,49431,0.0
Venango,2020-10-01,0,49431,0.0
Venango,2020-11-01,0,49431,0.0
Venango,2020-12-01,0,49431,0.0
Venango,2021-01-01,0,49431,0.0
Venango,2021-02-01,0,49431,0.0
Venango,2021-03-01,0,49431,0.0
Venango,2021-04-01,0,49431,0.0
Venango,2021-05-01,0,49431,0.0
Venango,2021-06-01,4,49431,8.09
Venango,2021-07-01,0,49431,0.0
Venango,2021-08-01,4,49431,8.09
Venango,2021-09-01,11,49431,22.25
Venango,2021-10-01,30,49431,60.69
Venango,2021-11-01,28,49431,56.64
Venango,2021-12-01,28,49431,56.64
Venango,2022-01-01,21,49431,42.48
Venango,2022-02-01,8,49431,16.18
Venango,2022-03-01,6,49431,12.14
Venango,2022-04-01,3,49431,6.07
Venango,2022-05-01,6,49431,12.14
Venango,2022-06-01,0,49431,0.0
Venango,2022-07-01,2,49431,4.05
Venango,2022-08-01,1,49431,2.02
Venango,2022-09-01,5,49431,10.12
Venango,2022-10-01,6,49431,12.14
Venango,2022-11-01,2,49431,4.05
Venango,2022-12-01,2,49431,4.05
Venango,2023-01-01,4,49431,8.09
Venango,2023-02-01,4,49431,8.09
Venango,2023-03-01,3,49431,6.07
Venango,2023-04-01,4,49431,8.09
Venango,2023-05-01,0,49431,0.0
Venango,2023-06-01,0,49431,0.0
Venango,2023-07-01,0,49431,0.0
Venango,2023-08-01,0,49431,0.0
Venango,2023-09-01,3,49431,6.07
Venango,2023-10-01,1,49431,2.02
Venango,2023-11-01,1,49431,2.02
Venango,2023-12-01,2,49431,4.05
Venango,2024-01-01,4,49431,8.09
Venango,2024-02-01,1,49431,2.02
Venango,2024-03-01,0,49431,0.0
Warren,2020-03-01,0,37572,0.0
Warren,2020-04-01,0,37572,0.0
Warren,2020-05-01,0,37572,0.0
Warren,2020-06-01,0,37572,0.0
Warren,2020-07-01,0,37572,0.0
Warren,2020-08-01,0,37572,0.0
Warren,2020-09-01,0,37572,0.0
Warren,2020-10-01,0,37572,0.0
Warren,2020-11-01,0,37572,0.0
Warren,2020-12-01,0,37572,0.0
Warren,2021-01-01,0,37572,0.0
Warren,2021-02-01,0,37572,0.0
Warren,2021-03-01,0,37572,0.0
Warren,2021-04-01,0,37572,0.0
Warren,2021-05-01,0,37572,0.0
Warren,2021-06-01,0,37572,0.0
Warren,2021-07-01,0,37572,0.0
Warren,2021-08-01,0,37572,0.0
Warren,2021-09-01,0,37572,0.0
Warren,2021-10-01,0,37572,0.0
Warren,2021-11-01,0,37572,0.0
Warren,2021-12-01,0,37572,0.0
Warren,2022-01-01,0,37572,0.0
Warren,2022-02-01,0,37572,0.0
Warren,2022-03-01,0,37572,0.0
Warren,2022-04-01,0,37572,0.0
Warren,2022-05-01,0,37572,0.0
Warren,2022-06-01,0,37572,0.0
Warren,2022-07-01,0,37572,0.0
Warren,2022-08-01,0,37572,0.0
Warren,2022-09-01,0,37572,0.0
Warren,2022-10-01,0,37572,0.0
Warren,2022-11-01,0,37572,0.0
Warren,2022-12-01,0,37572,0.0
Warren,2023-01-01,0,37572,0.0
Warren,2023-02-01,0,37572,0.0
Warren,2023-03-01,0,37572,0.0
Warren,2023-04-01,0,37572,0.0
Warren,2023-05-01,2,37572,5.32
Warren,2023-06-01,2,37572,5.32
Warren,2023-07-01,0,37572,0.0
Warren,2023-08-01,2,37572,5.32
Warren,2023-09-01,2,37572,5.32
Warren,2023-10-01,1,37572,2.66
Warren,2023-11-01,3,37572,7.98
Warren,2023-12-01,2,37572,5.32
Warren,2024-01-01,3,37572,7.98
Warren,2024-02-01,2,37572,5.32
Warren,2024-03-01,0,37572,0.0
Washington,2020-03-01,0,210232,0.0
Washington,2020-04-01,0,210232,0.0
Washington,2020-05-01,0,210232,0.0
Washington,2020-06-01,0,210232,0.0
Washington,2020-07-01,0,210232,0.0
Washington,2020-08-01,0,210232,0.0
Washington,2020-09-01,0,210232,0.0
Washington,2020-10-01,0,210232,0.0
Washington,2020-11-01,0,210232,0.0
Washington,2020-12-01,0,210232,0.0
Washington,2021-01-01,0,210232,0.0
Washington,2021-02-01,0,210232,0.0
Washington,2021-03-01,0,210232,0.0
Washington,2021-04-01,0,210232,0.0
Washington,2021-05-01,0,210232,0.0
Washington,2021-06-01,6,210232,2.85
Washington,2021-07-01,3,210232,1.43
Washington,2021-08-01,10,210232,4.76
Washington,2021-09-01,34,210232,16.17
Washington,2021-10-01,45,210232,21.4
Washington,2021-11-01,49,210232,23.31
Washington,2021-12-01,78,210232,37.1
Washington,2022-01-01,67,210232,31.87
Washington,2022-02-01,44,210232,20.93
Washington,2022-03-01,9,210232,4.28
Washington,2022-04-01,2,210232,0.95
Washington,2022-05-01,8,210232,3.81
Washington,2022-06-01,4,210232,1.9
Washington,2022-07-01,6,210232,2.85
Washington,2022-08-01,10,210232,4.76
Washington,2022-09-01,6,210232,2.85
Washington,2022-10-01,3,210232,1.43
Washington,2022-11-01,8,210232,3.81
Washington,2022-12-01,13,210232,6.18
Washington,2023-01-01,7,210232,3.33
Washington,2023-02-01,9,210232,4.28
Washington,2023-03-01,6,210232,2.85
Washington,2023-04-01,2,210232,0.95
Washington,2023-05-01,8,210232,3.81
Washington,2023-06-01,2,210232,0.95
Washington,2023-07-01,1,210232,0.48
Washington,2023-08-01,0,210232,0.0
Washington,2023-09-01,4,210232,1.9
Washington,2023-10-01,10,210232,4.76
Washington,2023-11-01,10,210232,4.76
Washington,2023-12-01,10,210232,4.76
Washington,2024-01-01,8,210232,3.81
Washington,2024-02-01,5,210232,2.38
Washington,2024-03-01,5,210232,2.38
Wayne,2020-03-01,0,51262,0.0
Wayne,2020-04-01,0,51262,0.0
Wayne,2020-05-01,0,51262,0.0
Wayne,2020-06-01,0,51262,0.0
Wayne,2020-07-01,0,51262,0.0
Wayne,2020-08-01,0,51262,0.0
Wayne,2020-09-01,0,51262,0.0
Wayne,2020-10-01,0,51262,0.0
Wayne,2020-11-01,0,51262,0.0
Wayne,2020-12-01,0,51262,0.0
Wayne,2021-01-01,0,51262,0.0
Wayne,2021-02-01,0,51262,0.0
Wayne,2021-03-01,0,51262,0.0
Wayne,2021-04-01,0,51262,0.0
Wayne,2021-05-01,0,51262,0.0
Wayne,2021-06-01,3,51262,5.85
Wayne,2021-07-01,0,51262,0.0
Wayne,2021-08-01,1,51262,1.95
Wayne,2021-09-01,18,51262,35.11
Wayne,2021-10-01,11,51262,21.46
Wayne,2021-11-01,14,51262,27.31
Wayne,2021-12-01,16,51262,31.21
Wayne,2022-01-01,15,51262,29.26
Wayne,2022-02-01,9,51262,17.56
Wayne,2022-03-01,3,51262,5.85
Wayne,2022-04-01,2,51262,3.9
Wayne,2022-05-01,2,51262,3.9
Wayne,2022-06-01,2,51262,3.9
Wayne,2022-07-01,1,51262,1.95
Wayne,2022-08-01,1,51262,1.95
Wayne,2022-09-01,5,51262,9.75
Wayne,2022-10-01,5,51262,9.75
Wayne,2022-11-01,7,51262,13.66
Wayne,2022-12-01,3,51262,5.85
Wayne,2023-01-01,6,51262,11.7
Wayne,2023-02-01,0,51262,0.0
Wayne,2023-03-01,0,51262,0.0
Wayne,2023-04-01,1,51262,1.95
Wayne,2023-05-01,0,51262,0.0
Wayne,2023-06-01,0,51262,0.0
Wayne,2023-07-01,0,51262,0.0
Wayne,2023-08-01,0,51262,0.0
Wayne,2023-09-01,4,51262,7.8
Wayne,2023-10-01,1,51262,1.95
Wayne,2023-11-01,2,51262,3.9
Wayne,2023-12-01,3,51262,5.85
Wayne,2024-01-01,2,51262,3.9
Wayne,2024-02-01,2,51262,3.9
Wayne,2024-03-01,0,51262,0.0
Westmoreland,2020-03-01,0,351163,0.0
Westmoreland,2020-04-01,0,351163,0.0
Westmoreland,2020-05-01,0,351163,0.0
Westmoreland,2020-06-01,0,351163,0.0
Westmoreland,2020-07-01,0,351163,0.0
Westmoreland,2020-08-01,0,351163,0.0
Westmoreland,2020-09-01,0,351163,0.0
Westmoreland,2020-10-01,0,351163,0.0
Westmoreland,2020-11-01,0,351163,0.0
Westmoreland,2020-12-01,0,351163,0.0
Westmoreland,2021-01-01,0,351163,0.0
Westmoreland,2021-02-01,0,351163,0.0
Westmoreland,2021-03-01,0,351163,0.0
Westmoreland,2021-04-01,0,351163,0.0
Westmoreland,2021-05-01,0,351163,0.0
Westmoreland,2021-06-01,9,351163,2.56
Westmoreland,2021-07-01,5,351163,1.42
Westmoreland,2021-08-01,20,351163,5.7
Westmoreland,2021-09-01,46,351163,13.1
Westmoreland,2021-10-01,71,351163,20.22
Westmoreland,2021-11-01,91,351163,25.91
Westmoreland,2021-12-01,145,351163,41.29
Westmoreland,2022-01-01,135,351163,38.44
Westmoreland,2022-02-01,68,351163,19.36
Westmoreland,2022-03-01,15,351163,4.27
Westmoreland,2022-04-01,7,351163,1.99
Westmoreland,2022-05-01,13,351163,3.7
Westmoreland,2022-06-01,10,351163,2.85
Westmoreland,2022-07-01,13,351163,3.7
Westmoreland,2022-08-01,26,351163,7.4
Westmoreland,2022-09-01,18,351163,5.13
Westmoreland,2022-10-01,20,351163,5.7
Westmoreland,2022-11-01,18,351163,5.13
Westmoreland,2022-12-01,15,351163,4.27
Westmoreland,2023-01-01,23,351163,6.55
Westmoreland,2023-02-01,14,351163,3.99
Westmoreland,2023-03-01,16,351163,4.56
Westmoreland,2023-04-01,8,351163,2.28
Westmoreland,2023-05-01,7,351163,1.99
Westmoreland,2023-06-01,5,351163,1.42
Westmoreland,2023-07-01,2,351163,0.57
Westmoreland,2023-08-01,0,351163,0.0
Westmoreland,2023-09-01,11,351163,3.13
Westmoreland,2023-10-01,15,351163,4.27
Westmoreland,2023-11-01,17,351163,4.84
Westmoreland,2023-12-01,13,351163,3.7
Westmoreland,2024-01-01,14,351163,3.99
Westmoreland,2024-02-01,11,351163,3.13
Westmoreland,2024-03-01,3,351163,0.85
Wyoming,2020-03-01,0,25902,0.0
Wyoming,2020-04-01,0,25902,0.0
Wyoming,2020-05-01,0,25902,0.0
Wyoming,2020-06-01,0,25902,0.0
Wyoming,2020-07-01,0,25902,0.0
Wyoming,2020-08-01,0,25902,0.0
Wyoming,2020-09-01,0,25902,0.0
Wyoming,2020-10-01,0,25902,0.0
Wyoming,2020-11-01,0,25902,0.0
Wyoming,2020-12-01,0,25902,0.0
Wyoming,2021-01-01,0,25902,0.0
Wyoming,2021-02-01,0,25902,0.0
Wyoming,2021-03-01,0,25902,0.0
Wyoming,2021-04-01,0,25902,0.0
Wyoming,2021-05-01,0,25902,0.0
Wyoming,2021-06-01,0,25902,0.0
Wyoming,2021-07-01,0,25902,0.0
Wyoming,2021-08-01,0,25902,0.0
Wyoming,2021-09-01,0,25902,0.0
Wyoming,2021-10-01,0,25902,0.0
Wyoming,2021-11-01,0,25902,0.0
Wyoming,2021-12-01,0,25902,0.0
Wyoming,2022-01-01,0,25902,0.0
Wyoming,2022-02-01,0,25902,0.0
Wyoming,2022-03-01,0,25902,0.0
Wyoming,2022-04-01,0,25902,0.0
Wyoming,2022-05-01,0,25902,0.0
Wyoming,2022-06-01,0,25902,0.0
Wyoming,2022-07-01,0,25902,0.0
Wyoming,2022-08-01,0,25902,0.0
Wyoming,2022-09-01,0,25902,0.0
Wyoming,2022-10-01,0,25902,0.0
Wyoming,2022-11-01,0,25902,0.0
Wyoming,2022-12-01,0,25902,0.0
Wyoming,2023-01-01,0,25902,0.0
Wyoming,2023-02-01,0,25902,0.0
Wyoming,2023-03-01,0,25902,0.0
Wyoming,2023-04-01,0,25902,0.0
Wyoming,2023-05-01,0,25902,0.0
Wyoming,2023-06-01,0,25902,0.0
Wyoming,2023-07-01,0,25902,0.0
Wyoming,2023-08-01,0,25902,0.0
Wyoming,2023-09-01,1,25902,3.86
Wyoming,2023-10-01,1,25902,3.86
Wyoming,2023-11-01,0,25902,0.0
Wyoming,2023-12-01,3,25902,11.58
Wyoming,2024-01-01,1,25902,3.86
Wyoming,2024-02-01,0,25902,0.0
Wyoming,2024-03-01,0,25902,0.0
York,2020-03-01,0,464640,0.0
York,2020-04-01,0,464640,0.0
York,2020-05-01,0,464640,0.0
York,2020-06-01,0,464640,0.0
York,2020-07-01,0,464640,0.0
York,2020-08-01,0,464640,0.0
York,2020-09-01,0,464640,0.0
York,2020-10-01,0,464640,0.0
York,2020-11-01,0,464640,0.0
York,2020-12-01,0,464640,0.0
York,2021-01-01,0,464640,0.0
York,2021-02-01,0,464640,0.0
York,2021-03-01,0,464640,0.0
York,2021-04-01,0,464640,0.0
York,2021-05-01,0,464640,0.0
York,2021-06-01,13,464640,2.8
York,2021-07-01,8,464640,1.72
York,2021-08-01,22,464640,4.73
York,2021-09-01,57,464640,12.27
York,2021-10-01,83,464640,17.86
York,2021-11-01,90,464640,19.37
York,2021-12-01,142,464640,30.56
York,2022-01-01,176,464640,37.88
York,2022-02-01,62,464640,13.34
York,2022-03-01,22,464640,4.73
York,2022-04-01,8,464640,1.72
York,2022-05-01,9,464640,1.94
York,2022-06-01,6,464640,1.29
York,2022-07-01,19,464640,4.09
York,2022-08-01,17,464640,3.66
York,2022-09-01,19,464640,4.09
York,2022-10-01,20,464640,4.3
York,2022-11-01,12,464640,2.58
York,2022-12-01,19,464640,4.09
York,2023-01-01,21,464640,4.52
York,2023-02-01,17,464640,3.66
York,2023-03-01,6,464640,1.29
York,2023-04-01,10,464640,2.15
York,2023-05-01,3,464640,0.65
York,2023-06-01,5,464640,1.08
York,2023-07-01,3,464640,0.65
York,2023-08-01,3,464640,0.65
York,2023-09-01,7,464640,1.51
York,2023-10-01,10,464640,2.15
York,2023-11-01,11,464640,2.37
York,2023-12-01,11,464640,2.37
York,2024-01-01,17,464640,3.66
York,2024-02-01,5,464640,1.08
York,2024-03-01,4,464640,0.86
